
DROP TABLE ITM_CONTACT CASCADE CONSTRAINTS PURGE;

DROP TABLE ITM_TICKETATTACH CASCADE CONSTRAINTS PURGE;

DROP TABLE ITM_TICKETHISTORY CASCADE CONSTRAINTS PURGE;

DROP TABLE ITM_TICKET CASCADE CONSTRAINTS PURGE;

DROP TABLE ITM_PROJECT CASCADE CONSTRAINTS PURGE;

DROP TABLE ITM_INSTALLATIONPROPERTY CASCADE CONSTRAINTS PURGE;

DROP TABLE ITM_INSTALLATION CASCADE CONSTRAINTS PURGE;

DROP TABLE ITM_DEVICEPROPERTY CASCADE CONSTRAINTS PURGE;

DROP TABLE ITM_DEVICE CASCADE CONSTRAINTS PURGE;

DROP TABLE ITM_CLIXOFFXARE CASCADE CONSTRAINTS PURGE;

DROP TABLE ITM_AREA CASCADE CONSTRAINTS PURGE;

DROP TABLE ITM_OFFICE CASCADE CONSTRAINTS PURGE;

DROP TABLE ITM_CLIENT CASCADE CONSTRAINTS PURGE;

CREATE TABLESPACE itm_dat
datafile 'itm_data.dbf'
size 1m;

CREATE TABLESPACE itm_idx
datafile 'itm_idx.dbf'
size 1m;


CREATE TABLE ITM_AREA
(
	CLIENTID             VARCHAR2(100) NOT NULL ,
	OFFICEID             VARCHAR2(100) NOT NULL ,
	AREAID               VARCHAR2(50) NOT NULL ,
	DESCRIPTION         VARCHAR2(50) NULL ,
	USERID_I             VARCHAR2(50) NULL ,
	DATE_I               VARCHAR2(8) NULL ,
	TIME_I               VARCHAR2(6) NULL ,
	USERID_U             VARCHAR2(50) NULL ,
	DATE_U               VARCHAR2(8) NULL ,
	TIME_U               VARCHAR2(6) NULL ,
	MAC                  VARCHAR2(16) NULL 
)
	TABLESPACE ITM_DAT;




COMMENT ON COLUMN ITM_AREA.CLIENTID IS 'Cliente{}{}{}{}';




COMMENT ON COLUMN ITM_AREA.USERID_I IS 'Usuario registro{}{}{}{}';




COMMENT ON COLUMN ITM_AREA.DATE_I IS 'Fecha registro{}{}{}{}';




COMMENT ON COLUMN ITM_AREA.TIME_I IS 'Hora registro{}{}{}{}';




COMMENT ON COLUMN ITM_AREA.USERID_U IS 'Usuario modificación{}{}{}{}';




COMMENT ON COLUMN ITM_AREA.DATE_U IS 'Fecha modificación{}{}{}{}';




COMMENT ON COLUMN ITM_AREA.TIME_U IS 'Hora modificación{}{}{}{}';




COMMENT ON COLUMN ITM_AREA.MAC IS 'Código autenticación{}{}{}{}';



CREATE UNIQUE INDEX XPKITM_AREA ON ITM_AREA
(AREAID   ASC,CLIENTID   ASC,OFFICEID   ASC)
	TABLESPACE ITM_IDX;



ALTER TABLE ITM_AREA
	ADD CONSTRAINT  XPKITM_AREA PRIMARY KEY (AREAID,CLIENTID,OFFICEID);


CREATE TABLE ITM_CLIENT
(
	CLIENTID             VARCHAR2(100) NOT NULL ,
	DESCRIPTION          VARCHAR2(200) NULL ,
	STATUS               VARCHAR2(1) NULL ,
	USERID_I             VARCHAR2(50) NULL ,
	DATE_I               VARCHAR2(8) NULL ,
	TIME_I               VARCHAR2(6) NULL ,
	USERID_U             VARCHAR2(50) NULL ,
	DATE_U               VARCHAR2(8) NULL ,
	TIME_U               VARCHAR2(6) NULL ,
	MAC                  VARCHAR2(16) NULL 
)
	TABLESPACE ITM_DAT;




COMMENT ON COLUMN ITM_CLIENT.CLIENTID IS 'Cliente{}{}{}{}';




COMMENT ON COLUMN ITM_CLIENT.DESCRIPTION IS 'Descripción{}{}{}{}';




COMMENT ON COLUMN ITM_CLIENT.STATUS IS 'Estado{}{}{STATUS}{}';




COMMENT ON COLUMN ITM_CLIENT.USERID_I IS 'Usuario registro{}{}{}{}';




COMMENT ON COLUMN ITM_CLIENT.DATE_I IS 'Fecha registro{}{}{}{}';




COMMENT ON COLUMN ITM_CLIENT.TIME_I IS 'Hora registro{}{}{}{}';




COMMENT ON COLUMN ITM_CLIENT.USERID_U IS 'Usuario modificación{}{}{}{}';




COMMENT ON COLUMN ITM_CLIENT.DATE_U IS 'Fecha modificación{}{}{}{}';




COMMENT ON COLUMN ITM_CLIENT.TIME_U IS 'Hora modificación{}{}{}{}';




COMMENT ON COLUMN ITM_CLIENT.MAC IS 'Código autenticación{}{}{}{}';



CREATE UNIQUE INDEX XPKITM_CLIENT ON ITM_CLIENT
(CLIENTID   ASC)
	TABLESPACE ITM_IDX;



ALTER TABLE ITM_CLIENT
	ADD CONSTRAINT  XPKITM_CLIENT PRIMARY KEY (CLIENTID);



CREATE TABLE ITM_CLIXOFFXARE
(
	CLIENTID             VARCHAR2(100) NOT NULL ,
	OFFICEID             VARCHAR2(100) NOT NULL ,
	AREAID               VARCHAR2(50) NOT NULL ,
	USERID_I             VARCHAR2(50) NULL ,
	DATE_I               VARCHAR2(8) NULL ,
	TIME_I               VARCHAR2(6) NULL ,
	USERID_U             VARCHAR2(50) NULL ,
	DATE_U               VARCHAR2(8) NULL ,
	TIME_U               VARCHAR2(6) NULL ,
	MAC                  VARCHAR2(16) NULL 
)
	TABLESPACE ITM_DAT;




COMMENT ON COLUMN ITM_CLIXOFFXARE.CLIENTID IS 'Cliente{}{}{}{}';




COMMENT ON COLUMN ITM_CLIXOFFXARE.USERID_I IS 'Usuario registro{}{}{}{}';




COMMENT ON COLUMN ITM_CLIXOFFXARE.DATE_I IS 'Fecha registro{}{}{}{}';




COMMENT ON COLUMN ITM_CLIXOFFXARE.TIME_I IS 'Hora registro{}{}{}{}';




COMMENT ON COLUMN ITM_CLIXOFFXARE.USERID_U IS 'Usuario modificación{}{}{}{}';




COMMENT ON COLUMN ITM_CLIXOFFXARE.DATE_U IS 'Fecha modificación{}{}{}{}';




COMMENT ON COLUMN ITM_CLIXOFFXARE.TIME_U IS 'Hora modificación{}{}{}{}';




COMMENT ON COLUMN ITM_CLIXOFFXARE.MAC IS 'Código autenticación{}{}{}{}';



CREATE UNIQUE INDEX XPKITM_CLIXOFFXARE ON ITM_CLIXOFFXARE
(CLIENTID   ASC,OFFICEID   ASC,AREAID   ASC)
	TABLESPACE ITM_IDX;



ALTER TABLE ITM_CLIXOFFXARE
	ADD CONSTRAINT  XPKITM_CLIXOFFXARE PRIMARY KEY (CLIENTID,OFFICEID,AREAID);



CREATE TABLE ITM_CONTACT
(
	CLIENTID             VARCHAR2(100) NOT NULL ,
	OFFICEID             VARCHAR2(100) NOT NULL ,
	AREAID               VARCHAR2(50) NOT NULL ,
	USERID               VARCHAR2(50) NOT NULL ,
	DESCRIPTION          VARCHAR2(200) NULL ,
	STATUS               VARCHAR2(1) NULL ,
	USERID_I             VARCHAR2(50) NULL ,
	DATE_I               VARCHAR2(8) NULL ,
	TIME_I               VARCHAR2(6) NULL ,
	USERID_U             VARCHAR2(50) NULL ,
	DATE_U               VARCHAR2(8) NULL ,
	TIME_U               VARCHAR2(6) NULL ,
	MAC                  VARCHAR2(16) NULL 
)
	TABLESPACE ITM_DAT;




COMMENT ON COLUMN ITM_CONTACT.CLIENTID IS 'Cliente{}{}{}{}';




COMMENT ON COLUMN ITM_CONTACT.AREAID IS 'Área{}{}{}{}';




COMMENT ON COLUMN ITM_CONTACT.USERID IS 'Usuario{}{}{}{}';




COMMENT ON COLUMN ITM_CONTACT.DESCRIPTION IS 'Descripción{}{}{}{}';




COMMENT ON COLUMN ITM_CONTACT.STATUS IS 'Estado{}{}{STATUS}{}';




COMMENT ON COLUMN ITM_CONTACT.USERID_I IS 'Usuario registro{}{}{}{}';




COMMENT ON COLUMN ITM_CONTACT.DATE_I IS 'Fecha registro{}{}{}{}';




COMMENT ON COLUMN ITM_CONTACT.TIME_I IS 'Hora registro{}{}{}{}';




COMMENT ON COLUMN ITM_CONTACT.USERID_U IS 'Usuario modificación{}{}{}{}';




COMMENT ON COLUMN ITM_CONTACT.DATE_U IS 'Fecha modificación{}{}{}{}';




COMMENT ON COLUMN ITM_CONTACT.TIME_U IS 'Hora modificación{}{}{}{}';




COMMENT ON COLUMN ITM_CONTACT.MAC IS 'Código autenticación{}{}{}{}';



CREATE UNIQUE INDEX XPKITM_CONTACT ON ITM_CONTACT
(USERID   ASC,AREAID   ASC,CLIENTID   ASC,OFFICEID   ASC)
	TABLESPACE ITM_IDX;



ALTER TABLE ITM_CONTACT
	ADD CONSTRAINT  XPKITM_CONTACT PRIMARY KEY (USERID,AREAID,CLIENTID,OFFICEID);



CREATE TABLE ITM_DEVICE
(
	DEVICETYPE           VARCHAR2(10) NOT NULL ,
	DEVICEID             VARCHAR2(100) NOT NULL ,
	SOLDBY               VARCHAR2(50) NULL ,
	DESCRIPTION          VARCHAR2(4000) NULL ,
	USERID_I             VARCHAR2(50) NULL ,
	DATE_I               VARCHAR2(8) NULL ,
	TIME_I               VARCHAR2(6) NULL ,
	USERID_U             VARCHAR2(50) NULL ,
	DATE_U               VARCHAR2(8) NULL ,
	TIME_U               VARCHAR2(6) NULL ,
	MAC                  VARCHAR2(16) NULL 
)
	TABLESPACE ITM_DAT;




COMMENT ON COLUMN ITM_DEVICE.USERID_I IS 'Usuario registro{}{}{}{}';




COMMENT ON COLUMN ITM_DEVICE.DATE_I IS 'Fecha registro{}{}{}{}';




COMMENT ON COLUMN ITM_DEVICE.TIME_I IS 'Hora registro{}{}{}{}';




COMMENT ON COLUMN ITM_DEVICE.USERID_U IS 'Usuario modificación{}{}{}{}';




COMMENT ON COLUMN ITM_DEVICE.DATE_U IS 'Fecha modificación{}{}{}{}';




COMMENT ON COLUMN ITM_DEVICE.TIME_U IS 'Hora modificación{}{}{}{}';




COMMENT ON COLUMN ITM_DEVICE.MAC IS 'Código autenticación{}{}{}{}';



CREATE UNIQUE INDEX XPKITM_DEVICE ON ITM_DEVICE
(DEVICEID   ASC,DEVICETYPE   ASC)
	TABLESPACE ITM_IDX;



ALTER TABLE ITM_DEVICE
	ADD CONSTRAINT  XPKITM_DEVICE PRIMARY KEY (DEVICEID,DEVICETYPE);



CREATE TABLE ITM_DEVICEPROPERTY
(
	DEVICETYPE           VARCHAR2(10) NOT NULL ,
	DEVICEID             VARCHAR2(100) NOT NULL ,
	PROPERTYID           VARCHAR2(100) NOT NULL ,
	VALUE                VARCHAR2(4000) NULL ,
	USERID_I             VARCHAR2(50) NULL ,
	DATE_I               VARCHAR2(8) NULL ,
	TIME_I               VARCHAR2(6) NULL ,
	USERID_U             VARCHAR2(50) NULL ,
	DATE_U               VARCHAR2(8) NULL ,
	TIME_U               VARCHAR2(6) NULL ,
	MAC                  VARCHAR2(16) NULL 
)
	TABLESPACE ITM_DAT;




COMMENT ON COLUMN ITM_DEVICEPROPERTY.PROPERTYID IS 'Propiedad{}{}{DEVICEPROPERTY}{}';




COMMENT ON COLUMN ITM_DEVICEPROPERTY.USERID_I IS 'Usuario registro{}{}{}{}';




COMMENT ON COLUMN ITM_DEVICEPROPERTY.DATE_I IS 'Fecha registro{}{}{}{}';




COMMENT ON COLUMN ITM_DEVICEPROPERTY.TIME_I IS 'Hora registro{}{}{}{}';




COMMENT ON COLUMN ITM_DEVICEPROPERTY.USERID_U IS 'Usuario modificación{}{}{}{}';




COMMENT ON COLUMN ITM_DEVICEPROPERTY.DATE_U IS 'Fecha modificación{}{}{}{}';




COMMENT ON COLUMN ITM_DEVICEPROPERTY.TIME_U IS 'Hora modificación{}{}{}{}';




COMMENT ON COLUMN ITM_DEVICEPROPERTY.MAC IS 'Código autenticación{}{}{}{}';



CREATE UNIQUE INDEX XPKITM_DEVICEPROPERTY ON ITM_DEVICEPROPERTY
(DEVICEID   ASC,PROPERTYID   ASC,DEVICETYPE   ASC)
	TABLESPACE ITM_IDX;



ALTER TABLE ITM_DEVICEPROPERTY
	ADD CONSTRAINT  XPKITM_DEVICEPROPERTY PRIMARY KEY (DEVICEID,PROPERTYID,DEVICETYPE);



CREATE TABLE ITM_INSTALLATION
(
	INSTALLATION         VARCHAR2(20) NOT NULL ,
	DESCRIPTION          VARCHAR2(100) NULL ,
	PLATFORM             VARCHAR2(20) NULL ,
	SYSTEMROOT           VARCHAR2(2048) NULL ,
	HOST                 VARCHAR2(100) NULL ,
	SSHSERVICE           VARCHAR2(50) NULL ,
	TELNETSERVICE        VARCHAR2(50) NULL ,
	BATCHSERVICE         VARCHAR2(50) NULL ,
	TIMEOUT              NUMBER(6) NULL ,
	SECURITY             VARCHAR2(200) NULL ,
	STATUS               VARCHAR2(1) NULL ,
	USERID_I             VARCHAR2(50) NULL ,
	DATE_I               VARCHAR2(8) NULL ,
	TIME_I               VARCHAR2(6) NULL ,
	USERID_U             VARCHAR2(50) NULL ,
	DATE_U               VARCHAR2(8) NULL ,
	TIME_U               VARCHAR2(6) NULL ,
	MAC                  VARCHAR2(16) NULL 
)
	TABLESPACE ITM_DAT;




COMMENT ON COLUMN ITM_INSTALLATION.INSTALLATION IS 'Instalación{}{}{}{}';




COMMENT ON COLUMN ITM_INSTALLATION.DESCRIPTION IS 'Descripción{}{}{}{}';




COMMENT ON COLUMN ITM_INSTALLATION.PLATFORM IS 'Plataforma{}{}{}{}';




COMMENT ON COLUMN ITM_INSTALLATION.HOST IS 'Host{}{}{}{}';




COMMENT ON COLUMN ITM_INSTALLATION.STATUS IS 'Estado{}{}{STATUS}{}';




COMMENT ON COLUMN ITM_INSTALLATION.USERID_I IS 'Usuario registro{}{}{}{}';




COMMENT ON COLUMN ITM_INSTALLATION.DATE_I IS 'Fecha registro{}{}{}{}';




COMMENT ON COLUMN ITM_INSTALLATION.TIME_I IS 'Hora registro{}{}{}{}';




COMMENT ON COLUMN ITM_INSTALLATION.USERID_U IS 'Usuario modificación{}{}{}{}';




COMMENT ON COLUMN ITM_INSTALLATION.DATE_U IS 'Fecha modificación{}{}{}{}';




COMMENT ON COLUMN ITM_INSTALLATION.TIME_U IS 'Hora modificación{}{}{}{}';




COMMENT ON COLUMN ITM_INSTALLATION.MAC IS 'Código autenticación{}{}{}{}';



CREATE UNIQUE INDEX XPKITM_INSTALLATION ON ITM_INSTALLATION
(INSTALLATION   ASC)
	TABLESPACE ITM_IDX;



ALTER TABLE ITM_INSTALLATION
	ADD CONSTRAINT  XPKITM_INSTALLATION PRIMARY KEY (INSTALLATION);



CREATE TABLE ITM_INSTALLATIONPROPERTY
(
	INSTALLATION         VARCHAR2(20) NOT NULL ,
	PROPERTYID           VARCHAR2(100) NOT NULL ,
	VALUE                VARCHAR2(4000) NULL ,
	USERID_I             VARCHAR2(50) NULL ,
	DATE_I               VARCHAR2(8) NULL ,
	TIME_I               VARCHAR2(6) NULL ,
	USERID_U             VARCHAR2(50) NULL ,
	DATE_U               VARCHAR2(8) NULL ,
	TIME_U               VARCHAR2(6) NULL ,
	MAC                  VARCHAR2(16) NULL 
)
	TABLESPACE ITM_DAT;




COMMENT ON COLUMN ITM_INSTALLATIONPROPERTY.INSTALLATION IS 'Instalación{}{}{}{}';




COMMENT ON COLUMN ITM_INSTALLATIONPROPERTY.PROPERTYID IS 'Propiedad{}{}{INSTALLATIONPROPERTY}{}';




COMMENT ON COLUMN ITM_INSTALLATIONPROPERTY.VALUE IS 'Valor{}{}{}{}';




COMMENT ON COLUMN ITM_INSTALLATIONPROPERTY.USERID_I IS 'Usuario registro{}{}{}{}';




COMMENT ON COLUMN ITM_INSTALLATIONPROPERTY.DATE_I IS 'Fecha registro{}{}{}{}';




COMMENT ON COLUMN ITM_INSTALLATIONPROPERTY.TIME_I IS 'Hora registro{}{}{}{}';




COMMENT ON COLUMN ITM_INSTALLATIONPROPERTY.USERID_U IS 'Usuario modificación{}{}{}{}';




COMMENT ON COLUMN ITM_INSTALLATIONPROPERTY.DATE_U IS 'Fecha modificación{}{}{}{}';




COMMENT ON COLUMN ITM_INSTALLATIONPROPERTY.TIME_U IS 'Hora modificación{}{}{}{}';




COMMENT ON COLUMN ITM_INSTALLATIONPROPERTY.MAC IS 'Código autenticación{}{}{}{}';



CREATE UNIQUE INDEX XPKITM_INSTALLATIONPROPERTY ON ITM_INSTALLATIONPROPERTY
(INSTALLATION   ASC,PROPERTYID   ASC)
	TABLESPACE ITM_IDX;



ALTER TABLE ITM_INSTALLATIONPROPERTY
	ADD CONSTRAINT  XPKITM_INSTALLATIONPROPERTY PRIMARY KEY (INSTALLATION,PROPERTYID);



CREATE TABLE ITM_OFFICE
(
	CLIENTID             VARCHAR2(100) NOT NULL ,
	OFFICEID             VARCHAR2(100) NOT NULL ,
	DESCRIPTION          VARCHAR2(200) NULL ,
	USERID_I             VARCHAR2(50) NULL ,
	DATE_I               VARCHAR2(8) NULL ,
	TIME_I               VARCHAR2(6) NULL ,
	USERID_U             VARCHAR2(50) NULL ,
	DATE_U               VARCHAR2(8) NULL ,
	TIME_U               VARCHAR2(6) NULL ,
	MAC                  VARCHAR2(16) NULL 
)
	TABLESPACE ITM_DAT;




COMMENT ON COLUMN ITM_OFFICE.CLIENTID IS 'Cliente{}{}{}{}';




COMMENT ON COLUMN ITM_OFFICE.DESCRIPTION IS 'Descripción{}{}{}{}';




COMMENT ON COLUMN ITM_OFFICE.USERID_I IS 'Usuario registro{}{}{}{}';




COMMENT ON COLUMN ITM_OFFICE.DATE_I IS 'Fecha registro{}{}{}{}';




COMMENT ON COLUMN ITM_OFFICE.TIME_I IS 'Hora registro{}{}{}{}';




COMMENT ON COLUMN ITM_OFFICE.USERID_U IS 'Usuario modificación{}{}{}{}';




COMMENT ON COLUMN ITM_OFFICE.DATE_U IS 'Fecha modificación{}{}{}{}';




COMMENT ON COLUMN ITM_OFFICE.TIME_U IS 'Hora modificación{}{}{}{}';




COMMENT ON COLUMN ITM_OFFICE.MAC IS 'Código autenticación{}{}{}{}';



CREATE UNIQUE INDEX XPKITM_OFFICE ON ITM_OFFICE
(CLIENTID   ASC,OFFICEID   ASC)
	TABLESPACE ITM_IDX;



ALTER TABLE ITM_OFFICE
	ADD CONSTRAINT  XPKITM_OFFICE PRIMARY KEY (CLIENTID,OFFICEID);


CREATE TABLE ITM_PROJECT
(
	INSTALLATION         VARCHAR2(20) NOT NULL ,
	CLIENTID             VARCHAR2(100) NOT NULL ,
	OFFICEID             VARCHAR2(100) NOT NULL ,
	AREAID               VARCHAR2(50) NOT NULL ,
	PROJECTID            VARCHAR2(50) NOT NULL ,
	DESCRIPTION          VARCHAR2(4000) NULL ,
	USERID_I             VARCHAR2(50) NULL ,
	DATE_I               VARCHAR2(8) NULL ,
	TIME_I               VARCHAR2(6) NULL ,
	USERID_U             VARCHAR2(50) NULL ,
	DATE_U               VARCHAR2(8) NULL ,
	TIME_U               VARCHAR2(6) NULL ,
	MAC                  VARCHAR2(16) NULL 
)
	TABLESPACE ITM_DAT;




COMMENT ON COLUMN ITM_PROJECT.INSTALLATION IS 'Instalación{GF}{}{}{}';




COMMENT ON COLUMN ITM_PROJECT.CLIENTID IS 'Cliente{}{}{}{}';




COMMENT ON COLUMN ITM_PROJECT.USERID_I IS 'Usuario registro{}{}{}{}';




COMMENT ON COLUMN ITM_PROJECT.DATE_I IS 'Fecha registro{}{}{}{}';




COMMENT ON COLUMN ITM_PROJECT.TIME_I IS 'Hora registro{}{}{}{}';




COMMENT ON COLUMN ITM_PROJECT.USERID_U IS 'Usuario modificación{}{}{}{}';




COMMENT ON COLUMN ITM_PROJECT.DATE_U IS 'Fecha modificación{}{}{}{}';




COMMENT ON COLUMN ITM_PROJECT.TIME_U IS 'Hora modificación{}{}{}{}';




COMMENT ON COLUMN ITM_PROJECT.MAC IS 'Código autenticación{}{}{}{}';



CREATE UNIQUE INDEX XPKITM_PROJECT ON ITM_PROJECT
(INSTALLATION   ASC,PROJECTID   ASC,AREAID   ASC,CLIENTID   ASC,OFFICEID   ASC)
	TABLESPACE ITM_IDX;



ALTER TABLE ITM_PROJECT
	ADD CONSTRAINT  XPKITM_PROJECT PRIMARY KEY (INSTALLATION,PROJECTID,AREAID,CLIENTID,OFFICEID);



CREATE TABLE ITM_TICKET
(
	INSTALLATION         VARCHAR2(20) NOT NULL ,
	TICKETID             VARCHAR2(200) NOT NULL ,
	PRIORITY             VARCHAR2(10) NULL ,
	SEVERITY             VARCHAR2(10) NULL ,
	SUMMARY              VARCHAR2(4000) NULL ,
	CATEGORY             VARCHAR2(10) NULL ,
	STATUS               VARCHAR2(10) NULL ,
	REPORTED             VARCHAR2(50) NULL ,
	REPORTEDDATE         VARCHAR2(8) NULL ,
	REPORTEDTIME         VARCHAR2(6) NULL ,
	CLIENTID             VARCHAR2(100) NULL ,
	OFFICEID             VARCHAR2(100) NULL ,
	AREAID               VARCHAR2(50) NULL ,
	PROJECTID            VARCHAR2(50) NULL ,
	TECHNOLOGY           VARCHAR2(50) NULL ,
	PRODUCT              VARCHAR2(4000) NULL ,
	DEVICETYPE           VARCHAR2(10) NULL ,
	DEVICEID             VARCHAR2(100) NULL ,
	PLATFORMID           VARCHAR2(10) NULL ,
	OS                   VARCHAR2(10) NULL ,
	OSVERSION            VARCHAR2(10) NULL ,
	ASSIGNEDTO           VARCHAR2(50) NULL ,
	TOSOLVEDATE          VARCHAR2(8) NULL ,
	TOSOLVETIME          VARCHAR2(6) NULL ,
	STEPSTOREPRODUCEISSUE VARCHAR2(4000) NULL ,
	ADDITIONALCOMMENT    VARCHAR2(4000) NULL ,
	SCALATATION          VARCHAR2(10) NULL ,
	REPRODUCIBILITY      VARCHAR2(10) NULL ,
	HELPTOPIC            VARCHAR2(10) NULL ,
	TAGS                 VARCHAR2(1024) NULL ,
	VIEWSTATUS           VARCHAR2(10) NULL ,
	RESOLUTION           VARCHAR2(4000) NULL ,
	RESOLUTIONDATE       VARCHAR2(8) NULL ,
	RESOLUTIONTIME       VARCHAR2(6) NULL ,
	SOURCE               VARCHAR2(10) NULL ,
	USERID_I             VARCHAR2(50) NULL ,
	DATE_I               VARCHAR2(8) NULL ,
	TIME_I               VARCHAR2(6) NULL ,
	USERID_U             VARCHAR2(50) NULL ,
	DATE_U               VARCHAR2(8) NULL ,
	TIME_U               VARCHAR2(6) NULL ,
	MAC                  VARCHAR2(16) NULL 
)
	TABLESPACE ITM_DAT;




COMMENT ON COLUMN ITM_TICKET.INSTALLATION IS 'Instalación{GF}{}{}{}';




COMMENT ON COLUMN ITM_TICKET.TICKETID IS 'Ticket{}{}{}{}';




COMMENT ON COLUMN ITM_TICKET.PRIORITY IS 'Prioridad{}{}{TICKETPRIORITY}{}
Baja/Media/Alta';




COMMENT ON COLUMN ITM_TICKET.SEVERITY IS 'Severidad{}{}{TICKETSEVERITY}{}
Bajo/medio/Alta';




COMMENT ON COLUMN ITM_TICKET.SUMMARY IS 'Resumen{}{}{}{}';




COMMENT ON COLUMN ITM_TICKET.CATEGORY IS 'Categoría{}{}{TICKETCATEGORY}{}';




COMMENT ON COLUMN ITM_TICKET.STATUS IS 'Estado{}{}{TICKETSTATUS}{}
Creación, Abierto, Atendido, Cerrado';




COMMENT ON COLUMN ITM_TICKET.REPORTED IS 'Reportado por{}{}{}{}';




COMMENT ON COLUMN ITM_TICKET.REPORTEDDATE IS 'Fecha reporte{}{}{}{}';




COMMENT ON COLUMN ITM_TICKET.REPORTEDTIME IS 'Hora reporte{}{}{}{}';




COMMENT ON COLUMN ITM_TICKET.CLIENTID IS 'Cliente{}{}{}{}';




COMMENT ON COLUMN ITM_TICKET.AREAID IS 'Area{}{}{}{}';




COMMENT ON COLUMN ITM_TICKET.PROJECTID IS 'Proyecto{}{}{}{}';




COMMENT ON COLUMN ITM_TICKET.TECHNOLOGY IS 'Tecnología{}{}{}{}
Si es networking, etc, etc';




COMMENT ON COLUMN ITM_TICKET.PRODUCT IS 'Producto{}{}{}{}';




COMMENT ON COLUMN ITM_TICKET.DEVICEID IS 'Id. Dispositivo{}{}{}{}';




COMMENT ON COLUMN ITM_TICKET.PLATFORMID IS 'Plataforma{}{}{}{}';




COMMENT ON COLUMN ITM_TICKET.OS IS 'Sistema operativo{}{}{}{}';




COMMENT ON COLUMN ITM_TICKET.OSVERSION IS 'Version S.O{}{}{}{}';




COMMENT ON COLUMN ITM_TICKET.ASSIGNEDTO IS 'Asignado a{}{}{}{}';




COMMENT ON COLUMN ITM_TICKET.STEPSTOREPRODUCEISSUE IS 'Pasos para reproducir problema{}{}{}{}';




COMMENT ON COLUMN ITM_TICKET.ADDITIONALCOMMENT IS 'Comentario adicional{}{}{}{}';




COMMENT ON COLUMN ITM_TICKET.SCALATATION IS 'Escalación{}{}{}{}Nivel 1, 2, 3
';




COMMENT ON COLUMN ITM_TICKET.REPRODUCIBILITY IS 'Replicación{}{}{}{}';




COMMENT ON COLUMN ITM_TICKET.HELPTOPIC IS 'Ayuda{}{}{}{}';




COMMENT ON COLUMN ITM_TICKET.TAGS IS 'Tags{}{}{}{}';




COMMENT ON COLUMN ITM_TICKET.VIEWSTATUS IS 'Estado vista{}{}{TICKETVIEWSTATUS}{}';




COMMENT ON COLUMN ITM_TICKET.RESOLUTION IS 'Solución{}{}{}{}';




COMMENT ON COLUMN ITM_TICKET.SOURCE IS 'Fuente{}{}{AUDITTYPE}{}Como fue creado el ticket';




COMMENT ON COLUMN ITM_TICKET.USERID_I IS 'Usuario registro{}{}{}{}';




COMMENT ON COLUMN ITM_TICKET.DATE_I IS 'Fecha registro{}{}{}{}';




COMMENT ON COLUMN ITM_TICKET.TIME_I IS 'Hora registro{}{}{}{}';




COMMENT ON COLUMN ITM_TICKET.USERID_U IS 'Usuario modificación{}{}{}{}';




COMMENT ON COLUMN ITM_TICKET.DATE_U IS 'Fecha modificación{}{}{}{}';




COMMENT ON COLUMN ITM_TICKET.TIME_U IS 'Hora modificación{}{}{}{}';




COMMENT ON COLUMN ITM_TICKET.MAC IS 'Código autenticación{}{}{}{}';



CREATE UNIQUE INDEX XPKITM_TICKET ON ITM_TICKET
(TICKETID   ASC,INSTALLATION   ASC)
	TABLESPACE ITM_IDX;



ALTER TABLE ITM_TICKET
	ADD CONSTRAINT  XPKITM_TICKET PRIMARY KEY (TICKETID,INSTALLATION);



CREATE TABLE ITM_TICKETATTACH
(
	INSTALLATION         VARCHAR2(20) NOT NULL ,
	TICKETID             VARCHAR2(200) NOT NULL ,
	ATTACHID             VARCHAR2(100) NOT NULL ,
	TYPE                 VARCHAR2(20) NULL ,
	DESCRIPTION          VARCHAR2(4000) NULL ,
	EXTERNALID           VARCHAR2(4000) NULL ,
	USERID_I             VARCHAR2(50) NULL ,
	DATE_I               VARCHAR2(8) NULL ,
	TIME_I               VARCHAR2(6) NULL ,
	USERID_U             VARCHAR2(50) NULL ,
	DATE_U               VARCHAR2(8) NULL ,
	TIME_U               VARCHAR2(6) NULL ,
	MAC                  VARCHAR2(16) NULL 
)
	TABLESPACE ITM_DAT;




COMMENT ON COLUMN ITM_TICKETATTACH.INSTALLATION IS 'Instalación{GF}{}{}{}';




COMMENT ON COLUMN ITM_TICKETATTACH.TICKETID IS 'Ticket{}{}{}{}';




COMMENT ON COLUMN ITM_TICKETATTACH.ATTACHID IS 'Documento{}{}{}{}';




COMMENT ON COLUMN ITM_TICKETATTACH.TYPE IS 'Tipo{}{}{ATTACHTYPE}{}';




COMMENT ON COLUMN ITM_TICKETATTACH.USERID_I IS 'Usuario registro{}{}{}{}';




COMMENT ON COLUMN ITM_TICKETATTACH.DATE_I IS 'Fecha registro{}{}{}{}';




COMMENT ON COLUMN ITM_TICKETATTACH.TIME_I IS 'Hora registro{}{}{}{}';




COMMENT ON COLUMN ITM_TICKETATTACH.USERID_U IS 'Usuario modificación{}{}{}{}';




COMMENT ON COLUMN ITM_TICKETATTACH.DATE_U IS 'Fecha modificación{}{}{}{}';




COMMENT ON COLUMN ITM_TICKETATTACH.TIME_U IS 'Hora modificación{}{}{}{}';




COMMENT ON COLUMN ITM_TICKETATTACH.MAC IS 'Código autenticación{}{}{}{}';



CREATE UNIQUE INDEX XPKITM_TICKETATTACH ON ITM_TICKETATTACH
(TICKETID   ASC,INSTALLATION   ASC,ATTACHID   ASC)
	TABLESPACE ITM_IDX;



ALTER TABLE ITM_TICKETATTACH
	ADD CONSTRAINT  XPKITM_TICKETATTACH PRIMARY KEY (TICKETID,INSTALLATION,ATTACHID);




CREATE TABLE ITM_TICKETHISTORY
(
	INSTALLATION         VARCHAR2(20) NOT NULL ,
	TICKETID             VARCHAR2(200) NOT NULL ,
	HISTORYID            NUMBER(10) NOT NULL ,
	FIELD                VARCHAR2(100) NULL ,
	OLDVALUE             VARCHAR2(4000) NULL ,
	NEWVALUE             VARCHAR2(4000) NULL ,
	CONTEXT              VARCHAR2(100) NULL ,
	USERID_I             VARCHAR2(50) NULL ,
	DATE_I               VARCHAR2(8) NULL ,
	TIME_I               VARCHAR2(6) NULL ,
	USERID_U             VARCHAR2(50) NULL ,
	DATE_U               VARCHAR2(8) NULL ,
	TIME_U               VARCHAR2(6) NULL ,
	MAC                  VARCHAR2(16) NULL 
)
	TABLESPACE ITM_DAT;




COMMENT ON COLUMN ITM_TICKETHISTORY.INSTALLATION IS 'Instalación{GF}{}{}{}';




COMMENT ON COLUMN ITM_TICKETHISTORY.TICKETID IS 'Ticket{}{}{}{}';




COMMENT ON COLUMN ITM_TICKETHISTORY.USERID_I IS 'Usuario registro{}{}{}{}';




COMMENT ON COLUMN ITM_TICKETHISTORY.DATE_I IS 'Fecha registro{}{}{}{}';




COMMENT ON COLUMN ITM_TICKETHISTORY.TIME_I IS 'Hora registro{}{}{}{}';




COMMENT ON COLUMN ITM_TICKETHISTORY.USERID_U IS 'Usuario modificación{}{}{}{}';




COMMENT ON COLUMN ITM_TICKETHISTORY.DATE_U IS 'Fecha modificación{}{}{}{}';




COMMENT ON COLUMN ITM_TICKETHISTORY.TIME_U IS 'Hora modificación{}{}{}{}';




COMMENT ON COLUMN ITM_TICKETHISTORY.MAC IS 'Código autenticación{}{}{}{}';



CREATE UNIQUE INDEX XPKITM_TICKETHISTORY ON ITM_TICKETHISTORY
(TICKETID   ASC,INSTALLATION   ASC,HISTORYID   ASC)
	TABLESPACE ITM_IDX;



ALTER TABLE ITM_TICKETHISTORY
	ADD CONSTRAINT  XPKITM_TICKETHISTORY PRIMARY KEY (TICKETID,INSTALLATION,HISTORYID);


ALTER TABLE ITM_AREA
	ADD (CONSTRAINT ITM_R_85 FOREIGN KEY (CLIENTID, OFFICEID) REFERENCES ITM_OFFICE (CLIENTID, OFFICEID));


ALTER TABLE ITM_CLIXOFFXARE
	ADD (CONSTRAINT ITM_R_89 FOREIGN KEY (AREAID, CLIENTID, OFFICEID) REFERENCES ITM_AREA (AREAID, CLIENTID, OFFICEID));




ALTER TABLE ITM_CONTACT
	ADD (CONSTRAINT ITM_R_50 FOREIGN KEY (AREAID, CLIENTID, OFFICEID) REFERENCES ITM_AREA (AREAID, CLIENTID, OFFICEID));


ALTER TABLE ITM_DEVICEPROPERTY
	ADD (CONSTRAINT ITM_R_80 FOREIGN KEY (DEVICEID, DEVICETYPE) REFERENCES ITM_DEVICE (DEVICEID, DEVICETYPE));



ALTER TABLE ITM_INSTALLATIONPROPERTY
	ADD (CONSTRAINT ITM_R_79 FOREIGN KEY (INSTALLATION) REFERENCES ITM_INSTALLATION (INSTALLATION));



ALTER TABLE ITM_OFFICE
	ADD (CONSTRAINT ITM_R_84 FOREIGN KEY (CLIENTID) REFERENCES ITM_CLIENT (CLIENTID));


ALTER TABLE ITM_PROJECT
	ADD (CONSTRAINT ITM_R_57 FOREIGN KEY (INSTALLATION) REFERENCES ITM_INSTALLATION (INSTALLATION));



ALTER TABLE ITM_PROJECT
	ADD (CONSTRAINT ITM_R_59 FOREIGN KEY (AREAID, CLIENTID, OFFICEID) REFERENCES ITM_AREA (AREAID, CLIENTID, OFFICEID));



ALTER TABLE ITM_TICKET
	ADD (CONSTRAINT ITM_R_52 FOREIGN KEY (INSTALLATION) REFERENCES ITM_INSTALLATION (INSTALLATION));



ALTER TABLE ITM_TICKET
	ADD (CONSTRAINT ITM_R_60 FOREIGN KEY (INSTALLATION, PROJECTID, AREAID, CLIENTID, OFFICEID) REFERENCES ITM_PROJECT (INSTALLATION, PROJECTID, AREAID, CLIENTID, OFFICEID));



ALTER TABLE ITM_TICKET
	ADD (CONSTRAINT ITM_R_73 FOREIGN KEY (DEVICEID, DEVICETYPE) REFERENCES ITM_DEVICE (DEVICEID, DEVICETYPE));



ALTER TABLE ITM_TICKETATTACH
	ADD (CONSTRAINT ITM_R_61 FOREIGN KEY (TICKETID, INSTALLATION) REFERENCES ITM_TICKET (TICKETID, INSTALLATION));



ALTER TABLE ITM_TICKETHISTORY
	ADD (CONSTRAINT ITM_R_62 FOREIGN KEY (TICKETID, INSTALLATION) REFERENCES ITM_TICKET (TICKETID, INSTALLATION));



REM INSERTING into ITM_CLIENT
SET DEFINE OFF;
Insert into ITM_CLIENT (CLIENTID,DESCRIPTION,STATUS,USERID_I,DATE_I,TIME_I,USERID_U,DATE_U,TIME_U,MAC) values ('0001','SAMIRA REYES','1','USER0001','02/01/20','16:01','USERMOD1','07/02/20','21:01','2454569320');
Insert into ITM_CLIENT (CLIENTID,DESCRIPTION,STATUS,USERID_I,DATE_I,TIME_I,USERID_U,DATE_U,TIME_U,MAC) values ('0002','CESAR LEDESMA','1','USER0002','02/01/20','16:01','USERMOD2','01/02/20','20:01','2454569498');
Insert into ITM_CLIENT (CLIENTID,DESCRIPTION,STATUS,USERID_I,DATE_I,TIME_I,USERID_U,DATE_U,TIME_U,MAC) values ('0003','ROSEMARY PONTE','0','USER0003','02/01/20','16:01','USERNOD3','09/02/20','20:01','2454568493');
Insert into ITM_CLIENT (CLIENTID,DESCRIPTION,STATUS,USERID_I,DATE_I,TIME_I,USERID_U,DATE_U,TIME_U,MAC) values ('0004','DAVID LADERO','1','USER0004','02/01/20','16:01','USERMOD4','08/02/20','19:01','2454569723');
Insert into ITM_CLIENT (CLIENTID,DESCRIPTION,STATUS,USERID_I,DATE_I,TIME_I,USERID_U,DATE_U,TIME_U,MAC) values ('0005','DANIEL AGUIRRE','1','USER0005','02/01/20','16:01','USERMOD5','10/02/20','21:01','2454568881');
Insert into ITM_CLIENT (CLIENTID,DESCRIPTION,STATUS,USERID_I,DATE_I,TIME_I,USERID_U,DATE_U,TIME_U,MAC) values ('0006','ALICIA SANCHEZ','1','USER0006','02/01/20','16:01','USERMOD6','13/02/20','21:01','2454568575');
Insert into ITM_CLIENT (CLIENTID,DESCRIPTION,STATUS,USERID_I,DATE_I,TIME_I,USERID_U,DATE_U,TIME_U,MAC) values ('0007','FIORELLA TRAUCO','1','USER0007','02/01/20','13:01','USERMOD7','05/02/20','21:01','2454569795');
Insert into ITM_CLIENT (CLIENTID,DESCRIPTION,STATUS,USERID_I,DATE_I,TIME_I,USERID_U,DATE_U,TIME_U,MAC) values ('0008','MATTEW LEBLANC','0','USER0008','02/01/20','16:01','USERMOD8','07/02/20','21:01','2454569052');
Insert into ITM_CLIENT (CLIENTID,DESCRIPTION,STATUS,USERID_I,DATE_I,TIME_I,USERID_U,DATE_U,TIME_U,MAC) values ('0009','BERTA COSTA','0','USER0009','02/01/20','13:01','USERMOD9','09/02/20','21:01','2454569984');
Insert into ITM_CLIENT (CLIENTID,DESCRIPTION,STATUS,USERID_I,DATE_I,TIME_I,USERID_U,DATE_U,TIME_U,MAC) values ('0010','CRISTIAN LOPEZ','0','USER0010','02/01/20','13:01','USERMOD10','21/02/20','21:01','2454569032');
Insert into ITM_CLIENT (CLIENTID,DESCRIPTION,STATUS,USERID_I,DATE_I,TIME_I,USERID_U,DATE_U,TIME_U,MAC) values ('0011','PAOLA PEREZ','1','USER0011','02/01/20','12:01','USERMOD11','03/02/20','21:01','2454569626');
Insert into ITM_CLIENT (CLIENTID,DESCRIPTION,STATUS,USERID_I,DATE_I,TIME_I,USERID_U,DATE_U,TIME_U,MAC) values ('0012','RODRIGO GONZALES','1','USER0012','05/01/20','9:01','USERMOD12','03/02/20','21:01','2454569549');
Insert into ITM_CLIENT (CLIENTID,DESCRIPTION,STATUS,USERID_I,DATE_I,TIME_I,USERID_U,DATE_U,TIME_U,MAC) values ('0013','VICTOR VAZQUES','1','USER0013','15/01/20','17:50','USERMOD13','03/02/20','21:01','2454568818');
Insert into ITM_CLIENT (CLIENTID,DESCRIPTION,STATUS,USERID_I,DATE_I,TIME_I,USERID_U,DATE_U,TIME_U,MAC) values ('0014','CARMEN CASTRO','1','USER0014','25/01/20','18:05','USERMOD14','07/02/20','21:01','2454569324');
Insert into ITM_CLIENT (CLIENTID,DESCRIPTION,STATUS,USERID_I,DATE_I,TIME_I,USERID_U,DATE_U,TIME_U,MAC) values ('0015','ANA RUIZ','0','USER0015','28/01/20','20:14','USERMOD15','05/02/20','21:01','2454569764');
Insert into ITM_CLIENT (CLIENTID,DESCRIPTION,STATUS,USERID_I,DATE_I,TIME_I,USERID_U,DATE_U,TIME_U,MAC) values ('0016','MAYCOL PORRES','0','USER0016','30/01/20','15:12','USERMOD16','05/02/20','21:01','2454569903');
Insert into ITM_CLIENT (CLIENTID,DESCRIPTION,STATUS,USERID_I,DATE_I,TIME_I,USERID_U,DATE_U,TIME_U,MAC) values ('0017','MONICA RANTES','0','USER0017','22/01/20','13:12','USERMOD17','04/02/20','21:01','2454568697');
Insert into ITM_CLIENT (CLIENTID,DESCRIPTION,STATUS,USERID_I,DATE_I,TIME_I,USERID_U,DATE_U,TIME_U,MAC) values ('0018','MILTON CELIS','1','USER0018','22/01/20','14:10','USERMOD18','04/02/20','21:01','2454568883');
Insert into ITM_CLIENT (CLIENTID,DESCRIPTION,STATUS,USERID_I,DATE_I,TIME_I,USERID_U,DATE_U,TIME_U,MAC) values ('0019','WILBERT VILCHEZ','1','USER0019','02/01/20','17:11','USERMOD19','04/02/20','21:01','2454569820');
Insert into ITM_CLIENT (CLIENTID,DESCRIPTION,STATUS,USERID_I,DATE_I,TIME_I,USERID_U,DATE_U,TIME_U,MAC) values ('0020','MARCO SOTELO','1','USER0020','19/01/20','18:45','USERMOD20','05/02/20','21:01','2454569431');

REM INSERTING into ITM_INSTALLATION
SET DEFINE OFF;
Insert into ITM_INSTALLATION (INSTALLATION,DESCRIPTION,PLATFORM,SYSTEMROOT,HOST,SSHSERVICE,TELNETSERVICE,BATCHSERVICE,TIMEOUT,SECURITY,STATUS,USERID_I,DATE_I,TIME_I,USERID_U,DATE_U,TIME_U,MAC) values ('INSTALL01','INSTALACION ROUTER 01','REDHAT','NO ACCESS DATA','192.168.1.10','YES','NO','YES','22','YES','1','USER0001','02/01/20','16:01','USERMOD1','07/02/20','21:01','2454569320');
Insert into ITM_INSTALLATION (INSTALLATION,DESCRIPTION,PLATFORM,SYSTEMROOT,HOST,SSHSERVICE,TELNETSERVICE,BATCHSERVICE,TIMEOUT,SECURITY,STATUS,USERID_I,DATE_I,TIME_I,USERID_U,DATE_U,TIME_U,MAC) values ('INSTALL02','INSTALACION ROUTER 01','REDHAT','./SERVICE','192.168.1.11','NO','NO','YES','44','YES','1','USER0002','02/01/20','16:01','USERMOD2','01/02/20','20:01','2454569498');
Insert into ITM_INSTALLATION (INSTALLATION,DESCRIPTION,PLATFORM,SYSTEMROOT,HOST,SSHSERVICE,TELNETSERVICE,BATCHSERVICE,TIMEOUT,SECURITY,STATUS,USERID_I,DATE_I,TIME_I,USERID_U,DATE_U,TIME_U,MAC) values ('INSTALL03','INSTALACION ROUTER 01','REDHAT','./SERVICE','192.168.1.12','NO','NO','YES','55','YES','0','USER0003','02/01/20','16:01','USERNOD3','09/02/20','20:01','2454568493');
Insert into ITM_INSTALLATION (INSTALLATION,DESCRIPTION,PLATFORM,SYSTEMROOT,HOST,SSHSERVICE,TELNETSERVICE,BATCHSERVICE,TIMEOUT,SECURITY,STATUS,USERID_I,DATE_I,TIME_I,USERID_U,DATE_U,TIME_U,MAC) values ('INSTALL04','INSTALACION ROUTER 01','REDHAT','./SERVICE','192.168.1.13','NO','NO','YES','22','YES','1','USER0004','02/01/20','16:01','USERMOD4','08/02/20','19:01','2454569723');
Insert into ITM_INSTALLATION (INSTALLATION,DESCRIPTION,PLATFORM,SYSTEMROOT,HOST,SSHSERVICE,TELNETSERVICE,BATCHSERVICE,TIMEOUT,SECURITY,STATUS,USERID_I,DATE_I,TIME_I,USERID_U,DATE_U,TIME_U,MAC) values ('INSTALL05','INSTALACION ROUTER 01','REDHAT','NO ACCESS DATA','192.168.1.14','NO','NO','YES','58','YES','1','USER0005','02/01/20','16:01','USERMOD5','10/02/20','21:01','2454568881');
Insert into ITM_INSTALLATION (INSTALLATION,DESCRIPTION,PLATFORM,SYSTEMROOT,HOST,SSHSERVICE,TELNETSERVICE,BATCHSERVICE,TIMEOUT,SECURITY,STATUS,USERID_I,DATE_I,TIME_I,USERID_U,DATE_U,TIME_U,MAC) values ('INSTALL06','INSTALACION ROUTER 01','REDHAT','NO ACCESS DATA','192.168.1.15','NO','NO','YES','29','YES','1','USER0006','02/01/20','16:01','USERMOD6','13/02/20','21:01','2454568575');
Insert into ITM_INSTALLATION (INSTALLATION,DESCRIPTION,PLATFORM,SYSTEMROOT,HOST,SSHSERVICE,TELNETSERVICE,BATCHSERVICE,TIMEOUT,SECURITY,STATUS,USERID_I,DATE_I,TIME_I,USERID_U,DATE_U,TIME_U,MAC) values ('INSTALL07','INSTALACION ROUTER 01','WINDOWS','NO ACCESS DATA','192.168.1.16','NO','NO','YES','25','YES','1','USER0007','02/01/20','13:01','USERMOD7','05/02/20','21:01','2454569795');
Insert into ITM_INSTALLATION (INSTALLATION,DESCRIPTION,PLATFORM,SYSTEMROOT,HOST,SSHSERVICE,TELNETSERVICE,BATCHSERVICE,TIMEOUT,SECURITY,STATUS,USERID_I,DATE_I,TIME_I,USERID_U,DATE_U,TIME_U,MAC) values ('INSTALL08','INSTALACION ROUTER 01','WINDOWS','NO ACCESS DATA','192.168.1.17','YES','NO','YES','41','YES','0','USER0008','02/01/20','16:01','USERMOD8','07/02/20','21:01','2454569052');
Insert into ITM_INSTALLATION (INSTALLATION,DESCRIPTION,PLATFORM,SYSTEMROOT,HOST,SSHSERVICE,TELNETSERVICE,BATCHSERVICE,TIMEOUT,SECURITY,STATUS,USERID_I,DATE_I,TIME_I,USERID_U,DATE_U,TIME_U,MAC) values ('INSTALL09','INSTALACION ROUTER 01','WINDOWS','NO ACCESS DATA','192.168.1.18','YES','NO','YES','20','YES','0','USER0009','02/01/20','13:01','USERMOD9','09/02/20','21:01','2454569984');
Insert into ITM_INSTALLATION (INSTALLATION,DESCRIPTION,PLATFORM,SYSTEMROOT,HOST,SSHSERVICE,TELNETSERVICE,BATCHSERVICE,TIMEOUT,SECURITY,STATUS,USERID_I,DATE_I,TIME_I,USERID_U,DATE_U,TIME_U,MAC) values ('INSTALL10','INSTALACION ROUTER 01','REDHAT','./SERVICE','192.168.1.19','YES','NO','YES','38','YES','0','USER0010','02/01/20','13:01','USERMOD10','21/02/20','21:01','2454569032');
Insert into ITM_INSTALLATION (INSTALLATION,DESCRIPTION,PLATFORM,SYSTEMROOT,HOST,SSHSERVICE,TELNETSERVICE,BATCHSERVICE,TIMEOUT,SECURITY,STATUS,USERID_I,DATE_I,TIME_I,USERID_U,DATE_U,TIME_U,MAC) values ('INSTALL11','CONFIGURACION DE SERVICIO','REDHAT','./SERVICE','192.168.1.20','YES','NO','YES','25','YES','1','USER0011','02/01/20','12:01','USERMOD11','03/02/20','21:01','2454569626');
Insert into ITM_INSTALLATION (INSTALLATION,DESCRIPTION,PLATFORM,SYSTEMROOT,HOST,SSHSERVICE,TELNETSERVICE,BATCHSERVICE,TIMEOUT,SECURITY,STATUS,USERID_I,DATE_I,TIME_I,USERID_U,DATE_U,TIME_U,MAC) values ('INSTALL12','CONFIGURACION DE SERVICIO','REDHAT','./SERVICE','192.168.1.21','YES','YES','YES','17','YES','1','USER0012','05/01/20','9:01','USERMOD12','03/02/20','21:01','2454569549');
Insert into ITM_INSTALLATION (INSTALLATION,DESCRIPTION,PLATFORM,SYSTEMROOT,HOST,SSHSERVICE,TELNETSERVICE,BATCHSERVICE,TIMEOUT,SECURITY,STATUS,USERID_I,DATE_I,TIME_I,USERID_U,DATE_U,TIME_U,MAC) values ('INSTALL13','CONFIGURACION DE SERVICIO','WINDOWS','./SERVICE','192.168.1.22','YES','YES','YES','29','YES','1','USER0013','15/01/20','17:50','USERMOD13','03/02/20','21:01','2454568818');
Insert into ITM_INSTALLATION (INSTALLATION,DESCRIPTION,PLATFORM,SYSTEMROOT,HOST,SSHSERVICE,TELNETSERVICE,BATCHSERVICE,TIMEOUT,SECURITY,STATUS,USERID_I,DATE_I,TIME_I,USERID_U,DATE_U,TIME_U,MAC) values ('INSTALL14','CONFIGURACION DE SERVICIO','WINDOWS','./SERVICE','192.168.1.23','YES','YES','YES','36','YES','1','USER0014','25/01/20','18:05','USERMOD14','07/02/20','21:01','2454569324');
Insert into ITM_INSTALLATION (INSTALLATION,DESCRIPTION,PLATFORM,SYSTEMROOT,HOST,SSHSERVICE,TELNETSERVICE,BATCHSERVICE,TIMEOUT,SECURITY,STATUS,USERID_I,DATE_I,TIME_I,USERID_U,DATE_U,TIME_U,MAC) values ('INSTALL15','CONFIGURACION DE SERVICIO','WINDOWS','./SERVICE','192.168.1.24','YES','YES','YES','20','YES','0','USER0015','28/01/20','20:14','USERMOD15','05/02/20','21:01','2454569764');
Insert into ITM_INSTALLATION (INSTALLATION,DESCRIPTION,PLATFORM,SYSTEMROOT,HOST,SSHSERVICE,TELNETSERVICE,BATCHSERVICE,TIMEOUT,SECURITY,STATUS,USERID_I,DATE_I,TIME_I,USERID_U,DATE_U,TIME_U,MAC) values ('INSTALL16','CONFIGURACION DE SERVICIO','WINDOWS','NO ACCESS DATA','192.168.1.25','YES','NO','YES','16','YES','0','USER0016','30/01/20','15:12','USERMOD16','05/02/20','21:01','2454569903');
Insert into ITM_INSTALLATION (INSTALLATION,DESCRIPTION,PLATFORM,SYSTEMROOT,HOST,SSHSERVICE,TELNETSERVICE,BATCHSERVICE,TIMEOUT,SECURITY,STATUS,USERID_I,DATE_I,TIME_I,USERID_U,DATE_U,TIME_U,MAC) values ('INSTALL17','CONFIGURACION DE SERVICIO','REDHAT','NO ACCESS DATA','192.168.1.26','YES','NO','YES','27','YES','0','USER0017','22/01/20','13:12','USERMOD17','04/02/20','21:01','2454568697');
Insert into ITM_INSTALLATION (INSTALLATION,DESCRIPTION,PLATFORM,SYSTEMROOT,HOST,SSHSERVICE,TELNETSERVICE,BATCHSERVICE,TIMEOUT,SECURITY,STATUS,USERID_I,DATE_I,TIME_I,USERID_U,DATE_U,TIME_U,MAC) values ('INSTALL18','CONFIGURACION DE SERVICIO','REDHAT','./SERVICE','192.168.1.27','YES','YES','YES','36','YES','1','USER0018','22/01/20','14:10','USERMOD18','04/02/20','21:01','2454568883');
Insert into ITM_INSTALLATION (INSTALLATION,DESCRIPTION,PLATFORM,SYSTEMROOT,HOST,SSHSERVICE,TELNETSERVICE,BATCHSERVICE,TIMEOUT,SECURITY,STATUS,USERID_I,DATE_I,TIME_I,USERID_U,DATE_U,TIME_U,MAC) values ('INSTALL19','CONFIGURACION DE SERVICIO','REDHAT','./SERVICE','192.168.1.28','YES','YES','YES','34','YES','1','USER0019','02/01/20','17:11','USERMOD19','04/02/20','21:01','2454569820');
Insert into ITM_INSTALLATION (INSTALLATION,DESCRIPTION,PLATFORM,SYSTEMROOT,HOST,SSHSERVICE,TELNETSERVICE,BATCHSERVICE,TIMEOUT,SECURITY,STATUS,USERID_I,DATE_I,TIME_I,USERID_U,DATE_U,TIME_U,MAC) values ('INSTALL20','CONFIGURACION DE SERVICIO','REDHAT','./SERVICE','192.168.1.29','NO','YES','YES','45','YES','1','USER0020','19/01/20','18:45','USERMOD20','05/02/20','21:01','2454569431');

REM INSERTING into ITM_OFFICE
SET DEFINE OFF;
Insert into ITM_OFFICE (CLIENTID,OFFICEID,DESCRIPTION,USERID_I,DATE_I,TIME_I,USERID_U,DATE_U,TIME_U,MAC) values ('0001','100','RELIABILITY','USER0001','02/01/20','16:01','USERMOD1','21:01','21:01','2454569320');
Insert into ITM_OFFICE (CLIENTID,OFFICEID,DESCRIPTION,USERID_I,DATE_I,TIME_I,USERID_U,DATE_U,TIME_U,MAC) values ('0002','100','RELIABILITY','USER0002','02/01/20','16:01','USERMOD2','20:01','20:01','2454569498');
Insert into ITM_OFFICE (CLIENTID,OFFICEID,DESCRIPTION,USERID_I,DATE_I,TIME_I,USERID_U,DATE_U,TIME_U,MAC) values ('0003','100','RELIABILITY','USER0003','02/01/20','16:01','USERNOD3','20:01','20:01','2454568493');
Insert into ITM_OFFICE (CLIENTID,OFFICEID,DESCRIPTION,USERID_I,DATE_I,TIME_I,USERID_U,DATE_U,TIME_U,MAC) values ('0004','100','RELIABILITY','USER0004','02/01/20','16:01','USERMOD4','19:01','19:01','2454569723');
Insert into ITM_OFFICE (CLIENTID,OFFICEID,DESCRIPTION,USERID_I,DATE_I,TIME_I,USERID_U,DATE_U,TIME_U,MAC) values ('0005','100','RELIABILITY','USER0005','02/01/20','16:01','USERMOD5','21:01','21:01','2454568881');
Insert into ITM_OFFICE (CLIENTID,OFFICEID,DESCRIPTION,USERID_I,DATE_I,TIME_I,USERID_U,DATE_U,TIME_U,MAC) values ('0006','200','FBI TEAM','USER0006','02/01/20','16:01','USERMOD6','21:01','21:01','2454568575');
Insert into ITM_OFFICE (CLIENTID,OFFICEID,DESCRIPTION,USERID_I,DATE_I,TIME_I,USERID_U,DATE_U,TIME_U,MAC) values ('0007','200','FBI TEAM','USER0007','02/01/20','13:01','USERMOD7','21:01','21:01','2454569795');
Insert into ITM_OFFICE (CLIENTID,OFFICEID,DESCRIPTION,USERID_I,DATE_I,TIME_I,USERID_U,DATE_U,TIME_U,MAC) values ('0008','200','FBI TEAM','USER0008','02/01/20','16:01','USERMOD8','21:01','21:01','2454569052');
Insert into ITM_OFFICE (CLIENTID,OFFICEID,DESCRIPTION,USERID_I,DATE_I,TIME_I,USERID_U,DATE_U,TIME_U,MAC) values ('0009','200','FBI TEAM','USER0009','02/01/20','13:01','USERMOD9','21:01','21:01','2454569984');
Insert into ITM_OFFICE (CLIENTID,OFFICEID,DESCRIPTION,USERID_I,DATE_I,TIME_I,USERID_U,DATE_U,TIME_U,MAC) values ('0010','200','FBI TEAM','USER0010','02/01/20','13:01','USERMOD10','21:01','21:01','2454569032');
Insert into ITM_OFFICE (CLIENTID,OFFICEID,DESCRIPTION,USERID_I,DATE_I,TIME_I,USERID_U,DATE_U,TIME_U,MAC) values ('0011','300','SOFTWARE FACTORY','USER0011','02/01/20','12:01','USERMOD11','21:01','21:01','2454569626');
Insert into ITM_OFFICE (CLIENTID,OFFICEID,DESCRIPTION,USERID_I,DATE_I,TIME_I,USERID_U,DATE_U,TIME_U,MAC) values ('0012','300','SOFTWARE FACTORY','USER0012','05/01/20','9:01','USERMOD12','21:01','21:01','2454569549');
Insert into ITM_OFFICE (CLIENTID,OFFICEID,DESCRIPTION,USERID_I,DATE_I,TIME_I,USERID_U,DATE_U,TIME_U,MAC) values ('0013','300','SOFTWARE FACTORY','USER0013','15/01/20','17:50','USERMOD13','21:01','21:01','2454568818');
Insert into ITM_OFFICE (CLIENTID,OFFICEID,DESCRIPTION,USERID_I,DATE_I,TIME_I,USERID_U,DATE_U,TIME_U,MAC) values ('0014','300','SOFTWARE FACTORY','USER0014','25/01/20','18:05','USERMOD14','21:01','21:01','2454569324');
Insert into ITM_OFFICE (CLIENTID,OFFICEID,DESCRIPTION,USERID_I,DATE_I,TIME_I,USERID_U,DATE_U,TIME_U,MAC) values ('0015','300','SOFTWARE FACTORY','USER0015','28/01/20','20:14','USERMOD15','21:01','21:01','2454569764');
Insert into ITM_OFFICE (CLIENTID,OFFICEID,DESCRIPTION,USERID_I,DATE_I,TIME_I,USERID_U,DATE_U,TIME_U,MAC) values ('0016','300','SOFTWARE FACTORY','USER0016','30/01/20','15:12','USERMOD16','21:01','21:01','2454569903');
Insert into ITM_OFFICE (CLIENTID,OFFICEID,DESCRIPTION,USERID_I,DATE_I,TIME_I,USERID_U,DATE_U,TIME_U,MAC) values ('0017','300','SOFTWARE FACTORY','USER0017','22/01/20','13:12','USERMOD17','21:01','21:01','2454568697');
Insert into ITM_OFFICE (CLIENTID,OFFICEID,DESCRIPTION,USERID_I,DATE_I,TIME_I,USERID_U,DATE_U,TIME_U,MAC) values ('0018','300','SOFTWARE FACTORY','USER0018','22/01/20','14:10','USERMOD18','21:01','21:01','2454568883');
Insert into ITM_OFFICE (CLIENTID,OFFICEID,DESCRIPTION,USERID_I,DATE_I,TIME_I,USERID_U,DATE_U,TIME_U,MAC) values ('0019','300','SOFTWARE FACTORY','USER0019','02/01/20','17:11','USERMOD19','21:01','21:01','2454569820');
Insert into ITM_OFFICE (CLIENTID,OFFICEID,DESCRIPTION,USERID_I,DATE_I,TIME_I,USERID_U,DATE_U,TIME_U,MAC) values ('0020','300','SOFTWARE FACTORY','USER0020','19/01/20','18:45','USERMOD20','21:01','21:01','2454569431');



REM INSERTING into ITM_DEVICE
SET DEFINE OFF;
Insert into ITM_DEVICE (DEVICETYPE,DEVICEID,SOLDBY,DESCRIPTION,USERID_I,DATE_I,TIME_I,USERID_U,DATE_U,TIME_U,MAC) values ('ROUTER','DEV01','2123','INSTALACION ROUTER 01','USER0001','02/01/20','16:01','USERMOD1','21:01','21:01','2454569320');
Insert into ITM_DEVICE (DEVICETYPE,DEVICEID,SOLDBY,DESCRIPTION,USERID_I,DATE_I,TIME_I,USERID_U,DATE_U,TIME_U,MAC) values ('ROUTER','DEV02','1545','INSTALACION ROUTER 01','USER0002','02/01/20','16:01','USERMOD2','20:01','20:01','2454569498');
Insert into ITM_DEVICE (DEVICETYPE,DEVICEID,SOLDBY,DESCRIPTION,USERID_I,DATE_I,TIME_I,USERID_U,DATE_U,TIME_U,MAC) values ('ROUTER','DEV03','2120','INSTALACION ROUTER 01','USER0003','02/01/20','16:01','USERNOD3','20:01','20:01','2454568493');
Insert into ITM_DEVICE (DEVICETYPE,DEVICEID,SOLDBY,DESCRIPTION,USERID_I,DATE_I,TIME_I,USERID_U,DATE_U,TIME_U,MAC) values ('ROUTER','DEV04','2215','INSTALACION ROUTER 01','USER0004','02/01/20','16:01','USERMOD4','19:01','19:01','2454569723');
Insert into ITM_DEVICE (DEVICETYPE,DEVICEID,SOLDBY,DESCRIPTION,USERID_I,DATE_I,TIME_I,USERID_U,DATE_U,TIME_U,MAC) values ('ROUTER','DEV05','1837','INSTALACION ROUTER 01','USER0005','02/01/20','16:01','USERMOD5','21:01','21:01','2454568881');
Insert into ITM_DEVICE (DEVICETYPE,DEVICEID,SOLDBY,DESCRIPTION,USERID_I,DATE_I,TIME_I,USERID_U,DATE_U,TIME_U,MAC) values ('ROUTER','DEV06','2625','INSTALACION ROUTER 01','USER0006','02/01/20','16:01','USERMOD6','21:01','21:01','2454568575');
Insert into ITM_DEVICE (DEVICETYPE,DEVICEID,SOLDBY,DESCRIPTION,USERID_I,DATE_I,TIME_I,USERID_U,DATE_U,TIME_U,MAC) values ('ROUTER','DEV07','2508','INSTALACION ROUTER 01','USER0007','02/01/20','13:01','USERMOD7','21:01','21:01','2454569795');
Insert into ITM_DEVICE (DEVICETYPE,DEVICEID,SOLDBY,DESCRIPTION,USERID_I,DATE_I,TIME_I,USERID_U,DATE_U,TIME_U,MAC) values ('ROUTER','DEV08','2315','INSTALACION ROUTER 01','USER0008','02/01/20','16:01','USERMOD8','21:01','21:01','2454569052');
Insert into ITM_DEVICE (DEVICETYPE,DEVICEID,SOLDBY,DESCRIPTION,USERID_I,DATE_I,TIME_I,USERID_U,DATE_U,TIME_U,MAC) values ('ROUTER','DEV09','2460','INSTALACION ROUTER 01','USER0009','02/01/20','13:01','USERMOD9','21:01','21:01','2454569984');
Insert into ITM_DEVICE (DEVICETYPE,DEVICEID,SOLDBY,DESCRIPTION,USERID_I,DATE_I,TIME_I,USERID_U,DATE_U,TIME_U,MAC) values ('ROUTER','DEV10','2096','INSTALACION ROUTER 01','USER0010','02/01/20','13:01','USERMOD10','21:01','21:01','2454569032');
Insert into ITM_DEVICE (DEVICETYPE,DEVICEID,SOLDBY,DESCRIPTION,USERID_I,DATE_I,TIME_I,USERID_U,DATE_U,TIME_U,MAC) values ('SERVIDOR','DEV11','2604','CONFIGURACION DE SERVICIO','USER0011','02/01/20','12:01','USERMOD11','21:01','21:01','2454569626');
Insert into ITM_DEVICE (DEVICETYPE,DEVICEID,SOLDBY,DESCRIPTION,USERID_I,DATE_I,TIME_I,USERID_U,DATE_U,TIME_U,MAC) values ('SERVIDOR','DEV12','2536','CONFIGURACION DE SERVICIO','USER0012','05/01/20','9:01','USERMOD12','21:01','21:01','2454569549');
Insert into ITM_DEVICE (DEVICETYPE,DEVICEID,SOLDBY,DESCRIPTION,USERID_I,DATE_I,TIME_I,USERID_U,DATE_U,TIME_U,MAC) values ('SERVIDOR','DEV13','2613','CONFIGURACION DE SERVICIO','USER0013','15/01/20','17:50','USERMOD13','21:01','21:01','2454568818');
Insert into ITM_DEVICE (DEVICETYPE,DEVICEID,SOLDBY,DESCRIPTION,USERID_I,DATE_I,TIME_I,USERID_U,DATE_U,TIME_U,MAC) values ('SERVIDOR','DEV14','2513','CONFIGURACION DE SERVICIO','USER0014','25/01/20','18:05','USERMOD14','21:01','21:01','2454569324');
Insert into ITM_DEVICE (DEVICETYPE,DEVICEID,SOLDBY,DESCRIPTION,USERID_I,DATE_I,TIME_I,USERID_U,DATE_U,TIME_U,MAC) values ('SERVIDOR','DEV15','2181','CONFIGURACION DE SERVICIO','USER0015','28/01/20','20:14','USERMOD15','21:01','21:01','2454569764');
Insert into ITM_DEVICE (DEVICETYPE,DEVICEID,SOLDBY,DESCRIPTION,USERID_I,DATE_I,TIME_I,USERID_U,DATE_U,TIME_U,MAC) values ('SERVIDOR','DEV16','1994','CONFIGURACION DE SERVICIO','USER0016','30/01/20','15:12','USERMOD16','21:01','21:01','2454569903');
Insert into ITM_DEVICE (DEVICETYPE,DEVICEID,SOLDBY,DESCRIPTION,USERID_I,DATE_I,TIME_I,USERID_U,DATE_U,TIME_U,MAC) values ('SERVIDOR','DEV17','2108','CONFIGURACION DE SERVICIO','USER0017','22/01/20','13:12','USERMOD17','21:01','21:01','2454568697');
Insert into ITM_DEVICE (DEVICETYPE,DEVICEID,SOLDBY,DESCRIPTION,USERID_I,DATE_I,TIME_I,USERID_U,DATE_U,TIME_U,MAC) values ('SERVIDOR','DEV18','2364','CONFIGURACION DE SERVICIO','USER0018','22/01/20','14:10','USERMOD18','21:01','21:01','2454568883');
Insert into ITM_DEVICE (DEVICETYPE,DEVICEID,SOLDBY,DESCRIPTION,USERID_I,DATE_I,TIME_I,USERID_U,DATE_U,TIME_U,MAC) values ('SERVIDOR','DEV19','2341','CONFIGURACION DE SERVICIO','USER0019','02/01/20','17:11','USERMOD19','21:01','21:01','2454569820');
Insert into ITM_DEVICE (DEVICETYPE,DEVICEID,SOLDBY,DESCRIPTION,USERID_I,DATE_I,TIME_I,USERID_U,DATE_U,TIME_U,MAC) values ('SERVIDOR','DEV20','1975','CONFIGURACION DE SERVICIO','USER0020','19/01/20','18:45','USERMOD20','21:01','21:01','2454569431');

REM INSERTING into ITM_DEVICEPROPERTY
SET DEFINE OFF;
Insert into ITM_DEVICEPROPERTY (DEVICETYPE,DEVICEID,PROPERTYID,VALUE,USERID_I,DATE_I,TIME_I,USERID_U,DATE_U,TIME_U,MAC) values ('ROUTER','DEV01','CISCO','2123','USER0001','02/01/20','16:01','USERMOD1','21:01','21:01','2454569320');
Insert into ITM_DEVICEPROPERTY (DEVICETYPE,DEVICEID,PROPERTYID,VALUE,USERID_I,DATE_I,TIME_I,USERID_U,DATE_U,TIME_U,MAC) values ('ROUTER','DEV02','HUAWEI','1545','USER0002','02/01/20','16:01','USERMOD2','20:01','20:01','2454569498');
Insert into ITM_DEVICEPROPERTY (DEVICETYPE,DEVICEID,PROPERTYID,VALUE,USERID_I,DATE_I,TIME_I,USERID_U,DATE_U,TIME_U,MAC) values ('ROUTER','DEV03','NETGEAR','2120','USER0003','02/01/20','16:01','USERNOD3','20:01','20:01','2454568493');
Insert into ITM_DEVICEPROPERTY (DEVICETYPE,DEVICEID,PROPERTYID,VALUE,USERID_I,DATE_I,TIME_I,USERID_U,DATE_U,TIME_U,MAC) values ('ROUTER','DEV04','NETGEAR','2215','USER0004','02/01/20','16:01','USERMOD4','19:01','19:01','2454569723');
Insert into ITM_DEVICEPROPERTY (DEVICETYPE,DEVICEID,PROPERTYID,VALUE,USERID_I,DATE_I,TIME_I,USERID_U,DATE_U,TIME_U,MAC) values ('ROUTER','DEV05','NETGEAR','1837','USER0005','02/01/20','16:01','USERMOD5','21:01','21:01','2454568881');
Insert into ITM_DEVICEPROPERTY (DEVICETYPE,DEVICEID,PROPERTYID,VALUE,USERID_I,DATE_I,TIME_I,USERID_U,DATE_U,TIME_U,MAC) values ('ROUTER','DEV06','NETGEAR','2625','USER0006','02/01/20','16:01','USERMOD6','21:01','21:01','2454568575');
Insert into ITM_DEVICEPROPERTY (DEVICETYPE,DEVICEID,PROPERTYID,VALUE,USERID_I,DATE_I,TIME_I,USERID_U,DATE_U,TIME_U,MAC) values ('ROUTER','DEV07','HUAWEI','2508','USER0007','02/01/20','13:01','USERMOD7','21:01','21:01','2454569795');
Insert into ITM_DEVICEPROPERTY (DEVICETYPE,DEVICEID,PROPERTYID,VALUE,USERID_I,DATE_I,TIME_I,USERID_U,DATE_U,TIME_U,MAC) values ('ROUTER','DEV08','HUAWEI','2315','USER0008','02/01/20','16:01','USERMOD8','21:01','21:01','2454569052');
Insert into ITM_DEVICEPROPERTY (DEVICETYPE,DEVICEID,PROPERTYID,VALUE,USERID_I,DATE_I,TIME_I,USERID_U,DATE_U,TIME_U,MAC) values ('ROUTER','DEV09','HUAWEI','2460','USER0009','02/01/20','13:01','USERMOD9','21:01','21:01','2454569984');
Insert into ITM_DEVICEPROPERTY (DEVICETYPE,DEVICEID,PROPERTYID,VALUE,USERID_I,DATE_I,TIME_I,USERID_U,DATE_U,TIME_U,MAC) values ('ROUTER','DEV10','HUAWEI','2096','USER0010','02/01/20','13:01','USERMOD10','21:01','21:01','2454569032');
Insert into ITM_DEVICEPROPERTY (DEVICETYPE,DEVICEID,PROPERTYID,VALUE,USERID_I,DATE_I,TIME_I,USERID_U,DATE_U,TIME_U,MAC) values ('SERVIDOR','DEV11','HUAWEI','2604','USER0011','02/01/20','12:01','USERMOD11','21:01','21:01','2454569626');
Insert into ITM_DEVICEPROPERTY (DEVICETYPE,DEVICEID,PROPERTYID,VALUE,USERID_I,DATE_I,TIME_I,USERID_U,DATE_U,TIME_U,MAC) values ('SERVIDOR','DEV12','NETGEAR','2536','USER0012','05/01/20','9:01','USERMOD12','21:01','21:01','2454569549');
Insert into ITM_DEVICEPROPERTY (DEVICETYPE,DEVICEID,PROPERTYID,VALUE,USERID_I,DATE_I,TIME_I,USERID_U,DATE_U,TIME_U,MAC) values ('SERVIDOR','DEV13','NETGEAR','2613','USER0013','15/01/20','17:50','USERMOD13','21:01','21:01','2454568818');
Insert into ITM_DEVICEPROPERTY (DEVICETYPE,DEVICEID,PROPERTYID,VALUE,USERID_I,DATE_I,TIME_I,USERID_U,DATE_U,TIME_U,MAC) values ('SERVIDOR','DEV14','NETGEAR','2513','USER0014','25/01/20','18:05','USERMOD14','21:01','21:01','2454569324');
Insert into ITM_DEVICEPROPERTY (DEVICETYPE,DEVICEID,PROPERTYID,VALUE,USERID_I,DATE_I,TIME_I,USERID_U,DATE_U,TIME_U,MAC) values ('SERVIDOR','DEV15','CISCO','2181','USER0015','28/01/20','20:14','USERMOD15','21:01','21:01','2454569764');
Insert into ITM_DEVICEPROPERTY (DEVICETYPE,DEVICEID,PROPERTYID,VALUE,USERID_I,DATE_I,TIME_I,USERID_U,DATE_U,TIME_U,MAC) values ('SERVIDOR','DEV16','CISCO','1994','USER0016','30/01/20','15:12','USERMOD16','21:01','21:01','2454569903');
Insert into ITM_DEVICEPROPERTY (DEVICETYPE,DEVICEID,PROPERTYID,VALUE,USERID_I,DATE_I,TIME_I,USERID_U,DATE_U,TIME_U,MAC) values ('SERVIDOR','DEV17','CISCO','2108','USER0017','22/01/20','13:12','USERMOD17','21:01','21:01','2454568697');
Insert into ITM_DEVICEPROPERTY (DEVICETYPE,DEVICEID,PROPERTYID,VALUE,USERID_I,DATE_I,TIME_I,USERID_U,DATE_U,TIME_U,MAC) values ('SERVIDOR','DEV18','CISCO','2364','USER0018','22/01/20','14:10','USERMOD18','21:01','21:01','2454568883');
Insert into ITM_DEVICEPROPERTY (DEVICETYPE,DEVICEID,PROPERTYID,VALUE,USERID_I,DATE_I,TIME_I,USERID_U,DATE_U,TIME_U,MAC) values ('SERVIDOR','DEV19','NETGEAR','2341','USER0019','02/01/20','17:11','USERMOD19','21:01','21:01','2454569820');
Insert into ITM_DEVICEPROPERTY (DEVICETYPE,DEVICEID,PROPERTYID,VALUE,USERID_I,DATE_I,TIME_I,USERID_U,DATE_U,TIME_U,MAC) values ('SERVIDOR','DEV20','NETGEAR','1975','USER0020','19/01/20','18:45','USERMOD20','21:01','21:01','2454569431');



REM INSERTING into ITM_INSTALLATIONPROPERTY
SET DEFINE OFF;
Insert into ITM_INSTALLATIONPROPERTY (INSTALLATION,PROPERTYID,VALUE,USERID_I,DATE_I,TIME_I,USERID_U,DATE_U,TIME_U,MAC) values ('INSTALL01','PROP01','1241','USER0001','02/01/20','16:01','USERMOD1','21:01','21:01','2454569320');
Insert into ITM_INSTALLATIONPROPERTY (INSTALLATION,PROPERTYID,VALUE,USERID_I,DATE_I,TIME_I,USERID_U,DATE_U,TIME_U,MAC) values ('INSTALL02','PROP02','1403','USER0002','02/01/20','16:01','USERMOD2','20:01','20:01','2454569498');
Insert into ITM_INSTALLATIONPROPERTY (INSTALLATION,PROPERTYID,VALUE,USERID_I,DATE_I,TIME_I,USERID_U,DATE_U,TIME_U,MAC) values ('INSTALL03','PROP03','1062','USER0003','02/01/20','16:01','USERNOD3','20:01','20:01','2454568493');
Insert into ITM_INSTALLATIONPROPERTY (INSTALLATION,PROPERTYID,VALUE,USERID_I,DATE_I,TIME_I,USERID_U,DATE_U,TIME_U,MAC) values ('INSTALL04','PROP04','1291','USER0004','02/01/20','16:01','USERMOD4','19:01','19:01','2454569723');
Insert into ITM_INSTALLATIONPROPERTY (INSTALLATION,PROPERTYID,VALUE,USERID_I,DATE_I,TIME_I,USERID_U,DATE_U,TIME_U,MAC) values ('INSTALL05','PROP05','1242','USER0005','02/01/20','16:01','USERMOD5','21:01','21:01','2454568881');
Insert into ITM_INSTALLATIONPROPERTY (INSTALLATION,PROPERTYID,VALUE,USERID_I,DATE_I,TIME_I,USERID_U,DATE_U,TIME_U,MAC) values ('INSTALL06','PROP06','1368','USER0006','02/01/20','16:01','USERMOD6','21:01','21:01','2454568575');
Insert into ITM_INSTALLATIONPROPERTY (INSTALLATION,PROPERTYID,VALUE,USERID_I,DATE_I,TIME_I,USERID_U,DATE_U,TIME_U,MAC) values ('INSTALL07','PROP07','1143','USER0007','02/01/20','13:01','USERMOD7','21:01','21:01','2454569795');
Insert into ITM_INSTALLATIONPROPERTY (INSTALLATION,PROPERTYID,VALUE,USERID_I,DATE_I,TIME_I,USERID_U,DATE_U,TIME_U,MAC) values ('INSTALL08','PROP08','1303','USER0008','02/01/20','16:01','USERMOD8','21:01','21:01','2454569052');
Insert into ITM_INSTALLATIONPROPERTY (INSTALLATION,PROPERTYID,VALUE,USERID_I,DATE_I,TIME_I,USERID_U,DATE_U,TIME_U,MAC) values ('INSTALL09','PROP09','1205','USER0009','02/01/20','13:01','USERMOD9','21:01','21:01','2454569984');
Insert into ITM_INSTALLATIONPROPERTY (INSTALLATION,PROPERTYID,VALUE,USERID_I,DATE_I,TIME_I,USERID_U,DATE_U,TIME_U,MAC) values ('INSTALL10','PROP10','1132','USER0010','02/01/20','13:01','USERMOD10','21:01','21:01','2454569032');
Insert into ITM_INSTALLATIONPROPERTY (INSTALLATION,PROPERTYID,VALUE,USERID_I,DATE_I,TIME_I,USERID_U,DATE_U,TIME_U,MAC) values ('INSTALL11','PROP11','1448','USER0011','02/01/20','12:01','USERMOD11','21:01','21:01','2454569626');
Insert into ITM_INSTALLATIONPROPERTY (INSTALLATION,PROPERTYID,VALUE,USERID_I,DATE_I,TIME_I,USERID_U,DATE_U,TIME_U,MAC) values ('INSTALL12','PROP12','1057','USER0012','05/01/20','9:01','USERMOD12','21:01','21:01','2454569549');
Insert into ITM_INSTALLATIONPROPERTY (INSTALLATION,PROPERTYID,VALUE,USERID_I,DATE_I,TIME_I,USERID_U,DATE_U,TIME_U,MAC) values ('INSTALL13','PROP13','1484','USER0013','15/01/20','17:50','USERMOD13','21:01','21:01','2454568818');
Insert into ITM_INSTALLATIONPROPERTY (INSTALLATION,PROPERTYID,VALUE,USERID_I,DATE_I,TIME_I,USERID_U,DATE_U,TIME_U,MAC) values ('INSTALL14','PROP14','1095','USER0014','25/01/20','18:05','USERMOD14','21:01','21:01','2454569324');
Insert into ITM_INSTALLATIONPROPERTY (INSTALLATION,PROPERTYID,VALUE,USERID_I,DATE_I,TIME_I,USERID_U,DATE_U,TIME_U,MAC) values ('INSTALL15','PROP15','1265','USER0015','28/01/20','20:14','USERMOD15','21:01','21:01','2454569764');
Insert into ITM_INSTALLATIONPROPERTY (INSTALLATION,PROPERTYID,VALUE,USERID_I,DATE_I,TIME_I,USERID_U,DATE_U,TIME_U,MAC) values ('INSTALL16','PROP16','1342','USER0016','30/01/20','15:12','USERMOD16','21:01','21:01','2454569903');
Insert into ITM_INSTALLATIONPROPERTY (INSTALLATION,PROPERTYID,VALUE,USERID_I,DATE_I,TIME_I,USERID_U,DATE_U,TIME_U,MAC) values ('INSTALL17','PROP17','1346','USER0017','22/01/20','13:12','USERMOD17','21:01','21:01','2454568697');
Insert into ITM_INSTALLATIONPROPERTY (INSTALLATION,PROPERTYID,VALUE,USERID_I,DATE_I,TIME_I,USERID_U,DATE_U,TIME_U,MAC) values ('INSTALL18','PROP18','1233','USER0018','22/01/20','14:10','USERMOD18','21:01','21:01','2454568883');
Insert into ITM_INSTALLATIONPROPERTY (INSTALLATION,PROPERTYID,VALUE,USERID_I,DATE_I,TIME_I,USERID_U,DATE_U,TIME_U,MAC) values ('INSTALL19','PROP19','1052','USER0019','02/01/20','17:11','USERMOD19','21:01','21:01','2454569820');
Insert into ITM_INSTALLATIONPROPERTY (INSTALLATION,PROPERTYID,VALUE,USERID_I,DATE_I,TIME_I,USERID_U,DATE_U,TIME_U,MAC) values ('INSTALL20','PROP20','1041','USER0020','19/01/20','18:45','USERMOD20','21:01','21:01','2454569431');


REM INSERTING into ITM_AREA
SET DEFINE OFF;
Insert into ITM_AREA (CLIENTID,OFFICEID,AREAID,DESCRIPTION,USERID_I,DATE_I,TIME_I,USERID_U,DATE_U,TIME_U,MAC) values ('0001','100','1','SYSTEMS QA','USER0001','02/01/20','16:01','USERMOD1','07/02/20','21:01','2454569320');
Insert into ITM_AREA (CLIENTID,OFFICEID,AREAID,DESCRIPTION,USERID_I,DATE_I,TIME_I,USERID_U,DATE_U,TIME_U,MAC) values ('0002','100','1','SYSTEMS QA','USER0002','01/01/20','16:01','USERMOD2','01/02/20','20:01','2454569498');
Insert into ITM_AREA (CLIENTID,OFFICEID,AREAID,DESCRIPTION,USERID_I,DATE_I,TIME_I,USERID_U,DATE_U,TIME_U,MAC) values ('0003','100','1','SYSTEMS QA','USER0003','02/01/20','16:01','USERMOD3','09/02/20','20:01','2454568493');
Insert into ITM_AREA (CLIENTID,OFFICEID,AREAID,DESCRIPTION,USERID_I,DATE_I,TIME_I,USERID_U,DATE_U,TIME_U,MAC) values ('0004','100','1','SYSTEMS QA','USER0004','02/01/20','16:01','USERMOD4','08/02/20','19:01','2454569723');
Insert into ITM_AREA (CLIENTID,OFFICEID,AREAID,DESCRIPTION,USERID_I,DATE_I,TIME_I,USERID_U,DATE_U,TIME_U,MAC) values ('0005','100','1','SYSTEMS QA','USER0005','02/01/20','16:01','USERMOD5','10/02/20','21:01','2454568881');
Insert into ITM_AREA (CLIENTID,OFFICEID,AREAID,DESCRIPTION,USERID_I,DATE_I,TIME_I,USERID_U,DATE_U,TIME_U,MAC) values ('0006','200','1','SYSTEMS QA','USER0006','02/01/20','16:01','USERMOD6','13/02/20','21:01','2454568575');
Insert into ITM_AREA (CLIENTID,OFFICEID,AREAID,DESCRIPTION,USERID_I,DATE_I,TIME_I,USERID_U,DATE_U,TIME_U,MAC) values ('0007','200','1','SYSTEMS QA','USER0007','02/01/20','13:01','USERMOD7','05/02/20','21:01','2454569795');
Insert into ITM_AREA (CLIENTID,OFFICEID,AREAID,DESCRIPTION,USERID_I,DATE_I,TIME_I,USERID_U,DATE_U,TIME_U,MAC) values ('0008','200','1','SYSTEMS QA','USER0008','02/01/20','16:01','USERMOD8','07/02/20','21:01','2454569052');
Insert into ITM_AREA (CLIENTID,OFFICEID,AREAID,DESCRIPTION,USERID_I,DATE_I,TIME_I,USERID_U,DATE_U,TIME_U,MAC) values ('0009','200','1','SYSTEMS QA','USER0009','02/01/20','13:01','USERMOD9','09/02/20','21:01','2454569984');
Insert into ITM_AREA (CLIENTID,OFFICEID,AREAID,DESCRIPTION,USERID_I,DATE_I,TIME_I,USERID_U,DATE_U,TIME_U,MAC) values ('0010','200','1','SYSTEMS QA','USER0010','02/01/20','13:01','USERMOD10','21/02/20','21:01','2454569032');
Insert into ITM_AREA (CLIENTID,OFFICEID,AREAID,DESCRIPTION,USERID_I,DATE_I,TIME_I,USERID_U,DATE_U,TIME_U,MAC) values ('0011','300','2','SYSTEMS DEV','USER0011','12/01/20','12:01','USERMOD11','03/02/20','21:01','2454569626');
Insert into ITM_AREA (CLIENTID,OFFICEID,AREAID,DESCRIPTION,USERID_I,DATE_I,TIME_I,USERID_U,DATE_U,TIME_U,MAC) values ('0012','300','2','SYSTEMS DEV','USER0012','05/01/20','9:01','USERMOD12','03/02/20','21:01','2454569549');
Insert into ITM_AREA (CLIENTID,OFFICEID,AREAID,DESCRIPTION,USERID_I,DATE_I,TIME_I,USERID_U,DATE_U,TIME_U,MAC) values ('0013','300','2','SYSTEMS DEV','USER0013','15/01/20','17:50','USERMOD13','03/02/20','21:01','2454568818');
Insert into ITM_AREA (CLIENTID,OFFICEID,AREAID,DESCRIPTION,USERID_I,DATE_I,TIME_I,USERID_U,DATE_U,TIME_U,MAC) values ('0014','300','2','SYSTEMS DEV','USER0014','25/01/20','18:05','USERMOD14','07/02/20','21:01','2454569324');
Insert into ITM_AREA (CLIENTID,OFFICEID,AREAID,DESCRIPTION,USERID_I,DATE_I,TIME_I,USERID_U,DATE_U,TIME_U,MAC) values ('0015','300','2','SYSTEMS DEV','USER0015','28/01/20','20:14','USERMOD15','05/02/20','21:01','2454569764');
Insert into ITM_AREA (CLIENTID,OFFICEID,AREAID,DESCRIPTION,USERID_I,DATE_I,TIME_I,USERID_U,DATE_U,TIME_U,MAC) values ('0016','300','2','SYSTEMS DEV','USER0016','30/01/20','15:12','USERMOD16','05/02/20','21:01','2454569903');
Insert into ITM_AREA (CLIENTID,OFFICEID,AREAID,DESCRIPTION,USERID_I,DATE_I,TIME_I,USERID_U,DATE_U,TIME_U,MAC) values ('0017','300','2','SYSTEMS DEV','USER0017','22/01/20','13:12','USERMOD17','04/02/20','21:01','2454568697');
Insert into ITM_AREA (CLIENTID,OFFICEID,AREAID,DESCRIPTION,USERID_I,DATE_I,TIME_I,USERID_U,DATE_U,TIME_U,MAC) values ('0018','300','2','SYSTEMS DEV','USER0018','02/01/20','14:10','USERMOD18','04/02/20','21:01','2454568883');
Insert into ITM_AREA (CLIENTID,OFFICEID,AREAID,DESCRIPTION,USERID_I,DATE_I,TIME_I,USERID_U,DATE_U,TIME_U,MAC) values ('0019','300','2','SYSTEMS DEV','USER0019','19/01/20','17:11','USERMOD19','04/02/20','21:01','2454569820');
Insert into ITM_AREA (CLIENTID,OFFICEID,AREAID,DESCRIPTION,USERID_I,DATE_I,TIME_I,USERID_U,DATE_U,TIME_U,MAC) values ('0020','300','2','SYSTEMS DEV','USER0020','18/01/20','18:45','USERMOD20','05/02/20','21:01','2454569431');



REM INSERTING into ITM_CLIXOFFXARE
SET DEFINE OFF;
Insert into ITM_CLIXOFFXARE (CLIENTID,OFFICEID,AREAID,USERID_I,DATE_I,TIME_I,USERID_U,DATE_U,TIME_U,MAC) values ('0001','100','1','USER0001','02/01/20','16:01','USERMOD1','07/02/20','21:01','2454569320');
Insert into ITM_CLIXOFFXARE (CLIENTID,OFFICEID,AREAID,USERID_I,DATE_I,TIME_I,USERID_U,DATE_U,TIME_U,MAC) values ('0002','100','1','USER0002','01/01/20','16:01','USERMOD2','01/02/20','20:01','2454569498');
Insert into ITM_CLIXOFFXARE (CLIENTID,OFFICEID,AREAID,USERID_I,DATE_I,TIME_I,USERID_U,DATE_U,TIME_U,MAC) values ('0003','100','1','USER0003','02/01/20','16:01','USERMOD3','09/02/20','20:01','2454568493');
Insert into ITM_CLIXOFFXARE (CLIENTID,OFFICEID,AREAID,USERID_I,DATE_I,TIME_I,USERID_U,DATE_U,TIME_U,MAC) values ('0004','100','1','USER0004','02/01/20','16:01','USERMOD4','08/02/20','19:01','2454569723');
Insert into ITM_CLIXOFFXARE (CLIENTID,OFFICEID,AREAID,USERID_I,DATE_I,TIME_I,USERID_U,DATE_U,TIME_U,MAC) values ('0005','100','1','USER0005','02/01/20','16:01','USERMOD5','10/02/20','21:01','2454568881');
Insert into ITM_CLIXOFFXARE (CLIENTID,OFFICEID,AREAID,USERID_I,DATE_I,TIME_I,USERID_U,DATE_U,TIME_U,MAC) values ('0006','200','1','USER0006','02/01/20','16:01','USERMOD6','13/02/20','21:01','2454568575');
Insert into ITM_CLIXOFFXARE (CLIENTID,OFFICEID,AREAID,USERID_I,DATE_I,TIME_I,USERID_U,DATE_U,TIME_U,MAC) values ('0007','200','1','USER0007','02/01/20','13:01','USERMOD7','05/02/20','21:01','2454569795');
Insert into ITM_CLIXOFFXARE (CLIENTID,OFFICEID,AREAID,USERID_I,DATE_I,TIME_I,USERID_U,DATE_U,TIME_U,MAC) values ('0008','200','1','USER0008','02/01/20','16:01','USERMOD8','07/02/20','21:01','2454569052');
Insert into ITM_CLIXOFFXARE (CLIENTID,OFFICEID,AREAID,USERID_I,DATE_I,TIME_I,USERID_U,DATE_U,TIME_U,MAC) values ('0009','200','1','USER0009','02/01/20','13:01','USERMOD9','09/02/20','21:01','2454569984');
Insert into ITM_CLIXOFFXARE (CLIENTID,OFFICEID,AREAID,USERID_I,DATE_I,TIME_I,USERID_U,DATE_U,TIME_U,MAC) values ('0010','200','1','USER0010','02/01/20','13:01','USERMOD10','21/02/20','21:01','2454569032');
Insert into ITM_CLIXOFFXARE (CLIENTID,OFFICEID,AREAID,USERID_I,DATE_I,TIME_I,USERID_U,DATE_U,TIME_U,MAC) values ('0011','300','2','USER0011','12/01/20','12:01','USERMOD11','03/02/20','21:01','2454569626');
Insert into ITM_CLIXOFFXARE (CLIENTID,OFFICEID,AREAID,USERID_I,DATE_I,TIME_I,USERID_U,DATE_U,TIME_U,MAC) values ('0012','300','2','USER0012','05/01/20','9:01','USERMOD12','03/02/20','21:01','2454569549');
Insert into ITM_CLIXOFFXARE (CLIENTID,OFFICEID,AREAID,USERID_I,DATE_I,TIME_I,USERID_U,DATE_U,TIME_U,MAC) values ('0013','300','2','USER0013','15/01/20','17:50','USERMOD13','03/02/20','21:01','2454568818');
Insert into ITM_CLIXOFFXARE (CLIENTID,OFFICEID,AREAID,USERID_I,DATE_I,TIME_I,USERID_U,DATE_U,TIME_U,MAC) values ('0014','300','2','USER0014','25/01/20','18:05','USERMOD14','07/02/20','21:01','2454569324');
Insert into ITM_CLIXOFFXARE (CLIENTID,OFFICEID,AREAID,USERID_I,DATE_I,TIME_I,USERID_U,DATE_U,TIME_U,MAC) values ('0015','300','2','USER0015','28/01/20','20:14','USERMOD15','05/02/20','21:01','2454569764');
Insert into ITM_CLIXOFFXARE (CLIENTID,OFFICEID,AREAID,USERID_I,DATE_I,TIME_I,USERID_U,DATE_U,TIME_U,MAC) values ('0016','300','2','USER0016','30/01/20','15:12','USERMOD16','05/02/20','21:01','2454569903');
Insert into ITM_CLIXOFFXARE (CLIENTID,OFFICEID,AREAID,USERID_I,DATE_I,TIME_I,USERID_U,DATE_U,TIME_U,MAC) values ('0017','300','2','USER0017','22/01/20','13:12','USERMOD17','04/02/20','21:01','2454568697');
Insert into ITM_CLIXOFFXARE (CLIENTID,OFFICEID,AREAID,USERID_I,DATE_I,TIME_I,USERID_U,DATE_U,TIME_U,MAC) values ('0018','300','2','USER0018','02/01/20','14:10','USERMOD18','04/02/20','21:01','2454568883');
Insert into ITM_CLIXOFFXARE (CLIENTID,OFFICEID,AREAID,USERID_I,DATE_I,TIME_I,USERID_U,DATE_U,TIME_U,MAC) values ('0019','300','2','USER0019','19/01/20','17:11','USERMOD19','04/02/20','21:01','2454569820');
Insert into ITM_CLIXOFFXARE (CLIENTID,OFFICEID,AREAID,USERID_I,DATE_I,TIME_I,USERID_U,DATE_U,TIME_U,MAC) values ('0020','300','2','USER0020','18/01/20','18:45','USERMOD20','05/02/20','21:01','2454569431');


REM INSERTING into ITM.ITM_CONTACT
SET DEFINE OFF;
Insert into ITM_CONTACT (CLIENTID,OFFICEID,AREAID,USERID,DESCRIPTION,STATUS,USERID_I,DATE_I,TIME_I,USERID_U,DATE_U,TIME_U,MAC) values ('0001','100','1','USER0001','945213054','1','USER0001','02/01/20','16:01','USERMOD1','07/02/20','21:01','2454569320');
Insert into ITM_CONTACT (CLIENTID,OFFICEID,AREAID,USERID,DESCRIPTION,STATUS,USERID_I,DATE_I,TIME_I,USERID_U,DATE_U,TIME_U,MAC) values ('0002','100','1','USER0002','955632147','1','USER0002','01/01/20','16:01','USERMOD2','01/02/20','20:01','2454569498');
Insert into ITM_CONTACT (CLIENTID,OFFICEID,AREAID,USERID,DESCRIPTION,STATUS,USERID_I,DATE_I,TIME_I,USERID_U,DATE_U,TIME_U,MAC) values ('0003','100','1','USER0003','966547812','0','USER0003','02/01/20','16:01','USERMOD3','09/02/20','20:01','2454568493');
Insert into ITM_CONTACT (CLIENTID,OFFICEID,AREAID,USERID,DESCRIPTION,STATUS,USERID_I,DATE_I,TIME_I,USERID_U,DATE_U,TIME_U,MAC) values ('0004','100','1','USER0004','988745632','1','USER0004','02/01/20','16:01','USERMOD4','08/02/20','19:01','2454569723');
Insert into ITM_CONTACT (CLIENTID,OFFICEID,AREAID,USERID,DESCRIPTION,STATUS,USERID_I,DATE_I,TIME_I,USERID_U,DATE_U,TIME_U,MAC) values ('0005','100','1','USER0005','966321478','1','USER0005','02/01/20','16:01','USERMOD5','10/02/20','21:01','2454568881');
Insert into ITM_CONTACT (CLIENTID,OFFICEID,AREAID,USERID,DESCRIPTION,STATUS,USERID_I,DATE_I,TIME_I,USERID_U,DATE_U,TIME_U,MAC) values ('0006','200','1','USER0006','974123051','1','USER0006','02/01/20','16:01','USERMOD6','13/02/20','21:01','2454568575');
Insert into ITM_CONTACT (CLIENTID,OFFICEID,AREAID,USERID,DESCRIPTION,STATUS,USERID_I,DATE_I,TIME_I,USERID_U,DATE_U,TIME_U,MAC) values ('0007','200','1','USER0007','955201347','1','USER0007','02/01/20','13:01','USERMOD7','05/02/20','21:01','2454569795');
Insert into ITM_CONTACT (CLIENTID,OFFICEID,AREAID,USERID,DESCRIPTION,STATUS,USERID_I,DATE_I,TIME_I,USERID_U,DATE_U,TIME_U,MAC) values ('0008','200','1','USER0008','912030045','0','USER0008','02/01/20','16:01','USERMOD8','07/02/20','21:01','2454569052');
Insert into ITM_CONTACT (CLIENTID,OFFICEID,AREAID,USERID,DESCRIPTION,STATUS,USERID_I,DATE_I,TIME_I,USERID_U,DATE_U,TIME_U,MAC) values ('0009','200','1','USER0009','964712036','0','USER0009','02/01/20','13:01','USERMOD9','09/02/20','21:01','2454569984');
Insert into ITM_CONTACT (CLIENTID,OFFICEID,AREAID,USERID,DESCRIPTION,STATUS,USERID_I,DATE_I,TIME_I,USERID_U,DATE_U,TIME_U,MAC) values ('0010','200','1','USER0010','955741202','0','USER0010','02/01/20','13:01','USERMOD10','21/02/20','21:01','2454569032');
Insert into ITM_CONTACT (CLIENTID,OFFICEID,AREAID,USERID,DESCRIPTION,STATUS,USERID_I,DATE_I,TIME_I,USERID_U,DATE_U,TIME_U,MAC) values ('0011','300','2','USER0011','955741236','1','USER0011','12/01/20','12:01','USERMOD11','03/02/20','21:01','2454569626');
Insert into ITM_CONTACT (CLIENTID,OFFICEID,AREAID,USERID,DESCRIPTION,STATUS,USERID_I,DATE_I,TIME_I,USERID_U,DATE_U,TIME_U,MAC) values ('0012','300','2','USER0012','944785210','1','USER0012','05/01/20','9:01','USERMOD12','03/02/20','21:01','2454569549');
Insert into ITM_CONTACT (CLIENTID,OFFICEID,AREAID,USERID,DESCRIPTION,STATUS,USERID_I,DATE_I,TIME_I,USERID_U,DATE_U,TIME_U,MAC) values ('0013','300','2','USER0013','988745201','1','USER0013','15/01/20','17:50','USERMOD13','03/02/20','21:01','2454568818');
Insert into ITM_CONTACT (CLIENTID,OFFICEID,AREAID,USERID,DESCRIPTION,STATUS,USERID_I,DATE_I,TIME_I,USERID_U,DATE_U,TIME_U,MAC) values ('0014','300','2','USER0014','955701236','1','USER0014','25/01/20','18:05','USERMOD14','07/02/20','21:01','2454569324');
Insert into ITM_CONTACT (CLIENTID,OFFICEID,AREAID,USERID,DESCRIPTION,STATUS,USERID_I,DATE_I,TIME_I,USERID_U,DATE_U,TIME_U,MAC) values ('0015','300','2','USER0015','911741236','0','USER0015','28/01/20','20:14','USERMOD15','05/02/20','21:01','2454569764');
Insert into ITM_CONTACT (CLIENTID,OFFICEID,AREAID,USERID,DESCRIPTION,STATUS,USERID_I,DATE_I,TIME_I,USERID_U,DATE_U,TIME_U,MAC) values ('0016','300','2','USER0016','955201236','0','USER0016','30/01/20','15:12','USERMOD16','05/02/20','21:01','2454569903');
Insert into ITM_CONTACT (CLIENTID,OFFICEID,AREAID,USERID,DESCRIPTION,STATUS,USERID_I,DATE_I,TIME_I,USERID_U,DATE_U,TIME_U,MAC) values ('0017','300','2','USER0017','954771236','0','USER0017','22/01/20','13:12','USERMOD17','04/02/20','21:01','2454568697');
Insert into ITM_CONTACT (CLIENTID,OFFICEID,AREAID,USERID,DESCRIPTION,STATUS,USERID_I,DATE_I,TIME_I,USERID_U,DATE_U,TIME_U,MAC) values ('0018','300','2','USER0018','955746636','1','USER0018','02/01/20','14:10','USERMOD18','04/02/20','21:01','2454568883');
Insert into ITM_CONTACT (CLIENTID,OFFICEID,AREAID,USERID,DESCRIPTION,STATUS,USERID_I,DATE_I,TIME_I,USERID_U,DATE_U,TIME_U,MAC) values ('0019','300','2','USER0019','955110236','1','USER0019','19/01/20','17:11','USERMOD19','04/02/20','21:01','2454569820');
Insert into ITM_CONTACT (CLIENTID,OFFICEID,AREAID,USERID,DESCRIPTION,STATUS,USERID_I,DATE_I,TIME_I,USERID_U,DATE_U,TIME_U,MAC) values ('0020','300','2','USER0020','955700836','1','USER0020','18/01/20','18:45','USERMOD20','05/02/20','21:01','2454569431');



REM INSERTING into ITM_PROJECT
SET DEFINE OFF;
Insert into ITM_PROJECT (INSTALLATION,CLIENTID,OFFICEID,AREAID,PROJECTID,DESCRIPTION,USERID_I,DATE_I,TIME_I,USERID_U,DATE_U,TIME_U,MAC) values ('INSTALL01','0001','100','1','PROY01','INCIDENCIAS ATM ','USER0001','02/01/20','16:01','USERMOD1','07/02/20','21:01','2454569320');
Insert into ITM_PROJECT (INSTALLATION,CLIENTID,OFFICEID,AREAID,PROJECTID,DESCRIPTION,USERID_I,DATE_I,TIME_I,USERID_U,DATE_U,TIME_U,MAC) values ('INSTALL02','0002','100','1','PROY02','PoC','USER0002','01/01/20','16:01','USERMOD2','01/02/20','20:01','2454569498');
Insert into ITM_PROJECT (INSTALLATION,CLIENTID,OFFICEID,AREAID,PROJECTID,DESCRIPTION,USERID_I,DATE_I,TIME_I,USERID_U,DATE_U,TIME_U,MAC) values ('INSTALL03','0003','100','1','PROY03','HOMOLOGACION ATM','USER0003','02/01/20','16:01','USERMOD3','09/02/20','20:01','2454568493');
Insert into ITM_PROJECT (INSTALLATION,CLIENTID,OFFICEID,AREAID,PROJECTID,DESCRIPTION,USERID_I,DATE_I,TIME_I,USERID_U,DATE_U,TIME_U,MAC) values ('INSTALL04','0004','100','1','PROY04','INCIDENCIAS ATM ','USER0004','02/01/20','16:01','USERMOD4','08/02/20','19:01','2454569723');
Insert into ITM_PROJECT (INSTALLATION,CLIENTID,OFFICEID,AREAID,PROJECTID,DESCRIPTION,USERID_I,DATE_I,TIME_I,USERID_U,DATE_U,TIME_U,MAC) values ('INSTALL05','0005','100','1','PROY05','HOMOLOGACION ATM','USER0005','02/01/20','16:01','USERMOD5','10/02/20','21:01','2454568881');
Insert into ITM_PROJECT (INSTALLATION,CLIENTID,OFFICEID,AREAID,PROJECTID,DESCRIPTION,USERID_I,DATE_I,TIME_I,USERID_U,DATE_U,TIME_U,MAC) values ('INSTALL06','0006','200','1','PROY06','PoC','USER0006','02/01/20','16:01','USERMOD6','13/02/20','21:01','2454568575');
Insert into ITM_PROJECT (INSTALLATION,CLIENTID,OFFICEID,AREAID,PROJECTID,DESCRIPTION,USERID_I,DATE_I,TIME_I,USERID_U,DATE_U,TIME_U,MAC) values ('INSTALL07','0007','200','1','PROY07','PoC','USER0007','02/01/20','13:01','USERMOD7','05/02/20','21:01','2454569795');
Insert into ITM_PROJECT (INSTALLATION,CLIENTID,OFFICEID,AREAID,PROJECTID,DESCRIPTION,USERID_I,DATE_I,TIME_I,USERID_U,DATE_U,TIME_U,MAC) values ('INSTALL08','0008','200','1','PROY08','HOMOLOGACION ATM','USER0008','02/01/20','16:01','USERMOD8','07/02/20','21:01','2454569052');
Insert into ITM_PROJECT (INSTALLATION,CLIENTID,OFFICEID,AREAID,PROJECTID,DESCRIPTION,USERID_I,DATE_I,TIME_I,USERID_U,DATE_U,TIME_U,MAC) values ('INSTALL09','0009','200','1','PROY09','INCIDENCIAS ATM ','USER0009','02/01/20','13:01','USERMOD9','09/02/20','21:01','2454569984');
Insert into ITM_PROJECT (INSTALLATION,CLIENTID,OFFICEID,AREAID,PROJECTID,DESCRIPTION,USERID_I,DATE_I,TIME_I,USERID_U,DATE_U,TIME_U,MAC) values ('INSTALL10','0010','200','1','PROY10','INCIDENCIAS ATM ','USER0010','02/01/20','13:01','USERMOD10','21/02/20','21:01','2454569032');
Insert into ITM_PROJECT (INSTALLATION,CLIENTID,OFFICEID,AREAID,PROJECTID,DESCRIPTION,USERID_I,DATE_I,TIME_I,USERID_U,DATE_U,TIME_U,MAC) values ('INSTALL11','0011','300','2','PROY11','DESARROLLO JAM ','USER0011','12/01/20','12:01','USERMOD11','03/02/20','21:01','2454569626');
Insert into ITM_PROJECT (INSTALLATION,CLIENTID,OFFICEID,AREAID,PROJECTID,DESCRIPTION,USERID_I,DATE_I,TIME_I,USERID_U,DATE_U,TIME_U,MAC) values ('INSTALL12','0012','300','2','PROY12','INCIDENCIAS ATM ','USER0012','05/01/20','9:01','USERMOD12','03/02/20','21:01','2454569549');
Insert into ITM_PROJECT (INSTALLATION,CLIENTID,OFFICEID,AREAID,PROJECTID,DESCRIPTION,USERID_I,DATE_I,TIME_I,USERID_U,DATE_U,TIME_U,MAC) values ('INSTALL13','0013','300','2','PROY13','PoC','USER0013','15/01/20','17:50','USERMOD13','03/02/20','21:01','2454568818');
Insert into ITM_PROJECT (INSTALLATION,CLIENTID,OFFICEID,AREAID,PROJECTID,DESCRIPTION,USERID_I,DATE_I,TIME_I,USERID_U,DATE_U,TIME_U,MAC) values ('INSTALL14','0014','300','2','PROY14','MIGRACION CHECKER W10','USER0014','25/01/20','18:05','USERMOD14','07/02/20','21:01','2454569324');
Insert into ITM_PROJECT (INSTALLATION,CLIENTID,OFFICEID,AREAID,PROJECTID,DESCRIPTION,USERID_I,DATE_I,TIME_I,USERID_U,DATE_U,TIME_U,MAC) values ('INSTALL15','0015','300','2','PROY15','HOMOLOGACION ATM','USER0015','28/01/20','20:14','USERMOD15','05/02/20','21:01','2454569764');
Insert into ITM_PROJECT (INSTALLATION,CLIENTID,OFFICEID,AREAID,PROJECTID,DESCRIPTION,USERID_I,DATE_I,TIME_I,USERID_U,DATE_U,TIME_U,MAC) values ('INSTALL16','0016','300','2','PROY16','MIGRACION CHECKER W10','USER0016','30/01/20','15:12','USERMOD16','05/02/20','21:01','2454569903');
Insert into ITM_PROJECT (INSTALLATION,CLIENTID,OFFICEID,AREAID,PROJECTID,DESCRIPTION,USERID_I,DATE_I,TIME_I,USERID_U,DATE_U,TIME_U,MAC) values ('INSTALL17','0017','300','2','PROY17','HOMOLOGACION ATM','USER0017','22/01/20','13:12','USERMOD17','04/02/20','21:01','2454568697');
Insert into ITM_PROJECT (INSTALLATION,CLIENTID,OFFICEID,AREAID,PROJECTID,DESCRIPTION,USERID_I,DATE_I,TIME_I,USERID_U,DATE_U,TIME_U,MAC) values ('INSTALL18','0018','300','2','PROY18','PoC','USER0018','02/01/20','14:10','USERMOD18','04/02/20','21:01','2454568883');
Insert into ITM_PROJECT (INSTALLATION,CLIENTID,OFFICEID,AREAID,PROJECTID,DESCRIPTION,USERID_I,DATE_I,TIME_I,USERID_U,DATE_U,TIME_U,MAC) values ('INSTALL19','0019','300','2','PROY19','INCIDENCIAS ATM ','USER0019','19/01/20','17:11','USERMOD19','04/02/20','21:01','2454569820');
Insert into ITM_PROJECT (INSTALLATION,CLIENTID,OFFICEID,AREAID,PROJECTID,DESCRIPTION,USERID_I,DATE_I,TIME_I,USERID_U,DATE_U,TIME_U,MAC) values ('INSTALL20','0020','300','2','PROY20','HOMOLOGACION ATM','USER0020','18/01/20','18:45','USERMOD20','05/02/20','21:01','2454569431');



REM INSERTING into ITM_TICKET
SET DEFINE OFF;
Insert into ITM_TICKET (INSTALLATION,TICKETID,PRIORITY,SEVERITY,SUMMARY,CATEGORY,STATUS,REPORTED,REPORTEDDATE,REPORTEDTIME,CLIENTID,OFFICEID,AREAID,PROJECTID,TECHNOLOGY,PRODUCT,DEVICETYPE,DEVICEID,PLATFORMID,OS,OSVERSION,ASSIGNEDTO,TOSOLVEDATE,TOSOLVETIME,STEPSTOREPRODUCEISSUE,ADDITIONALCOMMENT,SCALATATION,REPRODUCIBILITY,HELPTOPIC,TAGS,VIEWSTATUS,RESOLUTION,RESOLUTIONDATE,RESOLUTIONTIME,SOURCE,USERID_I,DATE_I,TIME_I,USERID_U,DATE_U,TIME_U,MAC) values ('INSTALL01','0001','ALTA','GRAVE','SERVICIO URGENTE',null,'1','YES','28/08/19','43','0001','100','1','PROY01','WEB','ROUTER','ROUTER','DEV01','REDHAT01','REDHAT01',null,'10/02/17','18/11/19',null,null,null,null,null,null,null,null,null,null,null,null,'USER0001','02/01/20','16:01','USERMOD1','21:01','21:01','2454569320');
Insert into ITM_TICKET (INSTALLATION,TICKETID,PRIORITY,SEVERITY,SUMMARY,CATEGORY,STATUS,REPORTED,REPORTEDDATE,REPORTEDTIME,CLIENTID,OFFICEID,AREAID,PROJECTID,TECHNOLOGY,PRODUCT,DEVICETYPE,DEVICEID,PLATFORMID,OS,OSVERSION,ASSIGNEDTO,TOSOLVEDATE,TOSOLVETIME,STEPSTOREPRODUCEISSUE,ADDITIONALCOMMENT,SCALATATION,REPRODUCIBILITY,HELPTOPIC,TAGS,VIEWSTATUS,RESOLUTION,RESOLUTIONDATE,RESOLUTIONTIME,SOURCE,USERID_I,DATE_I,TIME_I,USERID_U,DATE_U,TIME_U,MAC) values ('INSTALL02','0002','BAJA','NO GRAVE','SERVICIO NO URGENTE',null,'1','YES','24/10/20','53','0002','100','1','PROY02','WEB','ROUTER','ROUTER','DEV02','REDHAT02','REDHAT02',null,'01/07/17','11/09/19',null,null,null,null,null,null,null,null,null,null,null,null,'USER0002','02/01/20','16:01','USERMOD2','20:01','20:01','2454569498');
Insert into ITM_TICKET (INSTALLATION,TICKETID,PRIORITY,SEVERITY,SUMMARY,CATEGORY,STATUS,REPORTED,REPORTEDDATE,REPORTEDTIME,CLIENTID,OFFICEID,AREAID,PROJECTID,TECHNOLOGY,PRODUCT,DEVICETYPE,DEVICEID,PLATFORMID,OS,OSVERSION,ASSIGNEDTO,TOSOLVEDATE,TOSOLVETIME,STEPSTOREPRODUCEISSUE,ADDITIONALCOMMENT,SCALATATION,REPRODUCIBILITY,HELPTOPIC,TAGS,VIEWSTATUS,RESOLUTION,RESOLUTIONDATE,RESOLUTIONTIME,SOURCE,USERID_I,DATE_I,TIME_I,USERID_U,DATE_U,TIME_U,MAC) values ('INSTALL03','0003','BAJA','NO GRAVE','SERVICIO NO URGENTE',null,'0','YES','06/03/19','50','0003','100','1','PROY03','WEB','ROUTER','ROUTER','DEV03','REDHAT03','REDHAT03',null,'05/12/17','03/08/18',null,null,null,null,null,null,null,null,null,null,null,null,'USER0003','02/01/20','16:01','USERNOD3','20:01','20:01','2454568493');
Insert into ITM_TICKET (INSTALLATION,TICKETID,PRIORITY,SEVERITY,SUMMARY,CATEGORY,STATUS,REPORTED,REPORTEDDATE,REPORTEDTIME,CLIENTID,OFFICEID,AREAID,PROJECTID,TECHNOLOGY,PRODUCT,DEVICETYPE,DEVICEID,PLATFORMID,OS,OSVERSION,ASSIGNEDTO,TOSOLVEDATE,TOSOLVETIME,STEPSTOREPRODUCEISSUE,ADDITIONALCOMMENT,SCALATATION,REPRODUCIBILITY,HELPTOPIC,TAGS,VIEWSTATUS,RESOLUTION,RESOLUTIONDATE,RESOLUTIONTIME,SOURCE,USERID_I,DATE_I,TIME_I,USERID_U,DATE_U,TIME_U,MAC) values ('INSTALL04','0004','MODERADA','MEDIA','SERVICIO APLAZABLE',null,'1','YES','30/11/19','54','0004','100','1','PROY04','WEB','ROUTER','ROUTER','DEV04','REDHAT04','REDHAT04',null,'24/04/17','11/10/18',null,null,null,null,null,null,null,null,null,null,null,null,'USER0004','02/01/20','16:01','USERMOD4','19:01','19:01','2454569723');
Insert into ITM_TICKET (INSTALLATION,TICKETID,PRIORITY,SEVERITY,SUMMARY,CATEGORY,STATUS,REPORTED,REPORTEDDATE,REPORTEDTIME,CLIENTID,OFFICEID,AREAID,PROJECTID,TECHNOLOGY,PRODUCT,DEVICETYPE,DEVICEID,PLATFORMID,OS,OSVERSION,ASSIGNEDTO,TOSOLVEDATE,TOSOLVETIME,STEPSTOREPRODUCEISSUE,ADDITIONALCOMMENT,SCALATATION,REPRODUCIBILITY,HELPTOPIC,TAGS,VIEWSTATUS,RESOLUTION,RESOLUTIONDATE,RESOLUTIONTIME,SOURCE,USERID_I,DATE_I,TIME_I,USERID_U,DATE_U,TIME_U,MAC) values ('INSTALL05','0005','BAJA','NO GRAVE','SERVICIO NO URGENTE',null,'1','YES','05/08/20','36','0005','100','1','PROY05','WEB','ROUTER','ROUTER','DEV05','REDHAT05','REDHAT05',null,'30/07/17','05/03/19',null,null,null,null,null,null,null,null,null,null,null,null,'USER0005','02/01/20','16:01','USERMOD5','21:01','21:01','2454568881');
Insert into ITM_TICKET (INSTALLATION,TICKETID,PRIORITY,SEVERITY,SUMMARY,CATEGORY,STATUS,REPORTED,REPORTEDDATE,REPORTEDTIME,CLIENTID,OFFICEID,AREAID,PROJECTID,TECHNOLOGY,PRODUCT,DEVICETYPE,DEVICEID,PLATFORMID,OS,OSVERSION,ASSIGNEDTO,TOSOLVEDATE,TOSOLVETIME,STEPSTOREPRODUCEISSUE,ADDITIONALCOMMENT,SCALATATION,REPRODUCIBILITY,HELPTOPIC,TAGS,VIEWSTATUS,RESOLUTION,RESOLUTIONDATE,RESOLUTIONTIME,SOURCE,USERID_I,DATE_I,TIME_I,USERID_U,DATE_U,TIME_U,MAC) values ('INSTALL06','0006','BAJA','NO GRAVE','SERVICIO NO URGENTE',null,'1','YES','07/08/20','39','0006','200','1','PROY06','WEB','ROUTER','ROUTER','DEV06','REDHAT06','REDHAT06',null,'12/01/17','10/06/19',null,null,null,null,null,null,null,null,null,null,null,null,'USER0006','02/01/20','16:01','USERMOD6','21:01','21:01','2454568575');
Insert into ITM_TICKET (INSTALLATION,TICKETID,PRIORITY,SEVERITY,SUMMARY,CATEGORY,STATUS,REPORTED,REPORTEDDATE,REPORTEDTIME,CLIENTID,OFFICEID,AREAID,PROJECTID,TECHNOLOGY,PRODUCT,DEVICETYPE,DEVICEID,PLATFORMID,OS,OSVERSION,ASSIGNEDTO,TOSOLVEDATE,TOSOLVETIME,STEPSTOREPRODUCEISSUE,ADDITIONALCOMMENT,SCALATATION,REPRODUCIBILITY,HELPTOPIC,TAGS,VIEWSTATUS,RESOLUTION,RESOLUTIONDATE,RESOLUTIONTIME,SOURCE,USERID_I,DATE_I,TIME_I,USERID_U,DATE_U,TIME_U,MAC) values ('INSTALL07','0007','BAJA','NO GRAVE','SERVICIO NO URGENTE',null,'1','YES','23/07/20','32','0007','200','1','PROY07','WEB','ROUTER','ROUTER','DEV07','WINDOWS01','WINDOWS01',null,'04/06/17','29/03/19',null,null,null,null,null,null,null,null,null,null,null,null,'USER0007','02/01/20','13:01','USERMOD7','21:01','21:01','2454569795');
Insert into ITM_TICKET (INSTALLATION,TICKETID,PRIORITY,SEVERITY,SUMMARY,CATEGORY,STATUS,REPORTED,REPORTEDDATE,REPORTEDTIME,CLIENTID,OFFICEID,AREAID,PROJECTID,TECHNOLOGY,PRODUCT,DEVICETYPE,DEVICEID,PLATFORMID,OS,OSVERSION,ASSIGNEDTO,TOSOLVEDATE,TOSOLVETIME,STEPSTOREPRODUCEISSUE,ADDITIONALCOMMENT,SCALATATION,REPRODUCIBILITY,HELPTOPIC,TAGS,VIEWSTATUS,RESOLUTION,RESOLUTIONDATE,RESOLUTIONTIME,SOURCE,USERID_I,DATE_I,TIME_I,USERID_U,DATE_U,TIME_U,MAC) values ('INSTALL08','0008','MODERADA','MEDIA','SERVICIO APLAZABLE',null,'0','YES','21/09/19','57','0008','200','1','PROY08','WEB','ROUTER','ROUTER','DEV08','WINDOWS02','WINDOWS02',null,'14/04/17','01/10/19',null,null,null,null,null,null,null,null,null,null,null,null,'USER0008','02/01/20','16:01','USERMOD8','21:01','21:01','2454569052');
Insert into ITM_TICKET (INSTALLATION,TICKETID,PRIORITY,SEVERITY,SUMMARY,CATEGORY,STATUS,REPORTED,REPORTEDDATE,REPORTEDTIME,CLIENTID,OFFICEID,AREAID,PROJECTID,TECHNOLOGY,PRODUCT,DEVICETYPE,DEVICEID,PLATFORMID,OS,OSVERSION,ASSIGNEDTO,TOSOLVEDATE,TOSOLVETIME,STEPSTOREPRODUCEISSUE,ADDITIONALCOMMENT,SCALATATION,REPRODUCIBILITY,HELPTOPIC,TAGS,VIEWSTATUS,RESOLUTION,RESOLUTIONDATE,RESOLUTIONTIME,SOURCE,USERID_I,DATE_I,TIME_I,USERID_U,DATE_U,TIME_U,MAC) values ('INSTALL09','0009','MODERADA','MEDIA','SERVICIO APLAZABLE',null,'0','YES','04/06/19','45','0009','200','1','PROY09','WEB','ROUTER','ROUTER','DEV09','WINDOWS03','WINDOWS03',null,'25/10/17','13/12/19',null,null,null,null,null,null,null,null,null,null,null,null,'USER0009','02/01/20','13:01','USERMOD9','21:01','21:01','2454569984');
Insert into ITM_TICKET (INSTALLATION,TICKETID,PRIORITY,SEVERITY,SUMMARY,CATEGORY,STATUS,REPORTED,REPORTEDDATE,REPORTEDTIME,CLIENTID,OFFICEID,AREAID,PROJECTID,TECHNOLOGY,PRODUCT,DEVICETYPE,DEVICEID,PLATFORMID,OS,OSVERSION,ASSIGNEDTO,TOSOLVEDATE,TOSOLVETIME,STEPSTOREPRODUCEISSUE,ADDITIONALCOMMENT,SCALATATION,REPRODUCIBILITY,HELPTOPIC,TAGS,VIEWSTATUS,RESOLUTION,RESOLUTIONDATE,RESOLUTIONTIME,SOURCE,USERID_I,DATE_I,TIME_I,USERID_U,DATE_U,TIME_U,MAC) values ('INSTALL10','0010','MODERADA','MEDIA','SERVICIO APLAZABLE',null,'0','YES','06/10/20','48','0010','200','1','PROY10','WEB','ROUTER','ROUTER','DEV10','REDHAT07','REDHAT07',null,'21/11/17','15/06/18',null,null,null,null,null,null,null,null,null,null,null,null,'USER0010','02/01/20','13:01','USERMOD10','21:01','21:01','2454569032');
Insert into ITM_TICKET (INSTALLATION,TICKETID,PRIORITY,SEVERITY,SUMMARY,CATEGORY,STATUS,REPORTED,REPORTEDDATE,REPORTEDTIME,CLIENTID,OFFICEID,AREAID,PROJECTID,TECHNOLOGY,PRODUCT,DEVICETYPE,DEVICEID,PLATFORMID,OS,OSVERSION,ASSIGNEDTO,TOSOLVEDATE,TOSOLVETIME,STEPSTOREPRODUCEISSUE,ADDITIONALCOMMENT,SCALATATION,REPRODUCIBILITY,HELPTOPIC,TAGS,VIEWSTATUS,RESOLUTION,RESOLUTIONDATE,RESOLUTIONTIME,SOURCE,USERID_I,DATE_I,TIME_I,USERID_U,DATE_U,TIME_U,MAC) values ('INSTALL11','0011','BAJA','NO GRAVE','SERVICIO NO URGENTE',null,'1','YES','28/07/19','57','0011','300','2','PROY11','WEB','SERVIDOR','SERVIDOR','DEV11','REDHAT08','REDHAT08',null,'20/09/17','29/07/19',null,null,null,null,null,null,null,null,null,null,null,null,'USER0011','02/01/20','12:01','USERMOD11','21:01','21:01','2454569626');
Insert into ITM_TICKET (INSTALLATION,TICKETID,PRIORITY,SEVERITY,SUMMARY,CATEGORY,STATUS,REPORTED,REPORTEDDATE,REPORTEDTIME,CLIENTID,OFFICEID,AREAID,PROJECTID,TECHNOLOGY,PRODUCT,DEVICETYPE,DEVICEID,PLATFORMID,OS,OSVERSION,ASSIGNEDTO,TOSOLVEDATE,TOSOLVETIME,STEPSTOREPRODUCEISSUE,ADDITIONALCOMMENT,SCALATATION,REPRODUCIBILITY,HELPTOPIC,TAGS,VIEWSTATUS,RESOLUTION,RESOLUTIONDATE,RESOLUTIONTIME,SOURCE,USERID_I,DATE_I,TIME_I,USERID_U,DATE_U,TIME_U,MAC) values ('INSTALL12','0012','BAJA','NO GRAVE','SERVICIO NO URGENTE',null,'1','YES','15/09/19','43','0012','300','2','PROY12','WEB','SERVIDOR','SERVIDOR','DEV12','REDHAT09','REDHAT09',null,'27/11/17','04/11/19',null,null,null,null,null,null,null,null,null,null,null,null,'USER0012','05/01/20','9:01','USERMOD12','21:01','21:01','2454569549');
Insert into ITM_TICKET (INSTALLATION,TICKETID,PRIORITY,SEVERITY,SUMMARY,CATEGORY,STATUS,REPORTED,REPORTEDDATE,REPORTEDTIME,CLIENTID,OFFICEID,AREAID,PROJECTID,TECHNOLOGY,PRODUCT,DEVICETYPE,DEVICEID,PLATFORMID,OS,OSVERSION,ASSIGNEDTO,TOSOLVEDATE,TOSOLVETIME,STEPSTOREPRODUCEISSUE,ADDITIONALCOMMENT,SCALATATION,REPRODUCIBILITY,HELPTOPIC,TAGS,VIEWSTATUS,RESOLUTION,RESOLUTIONDATE,RESOLUTIONTIME,SOURCE,USERID_I,DATE_I,TIME_I,USERID_U,DATE_U,TIME_U,MAC) values ('INSTALL13','0013','ALTA','GRAVE','SERVICIO URGENTE',null,'1','YES','04/05/19','46','0013','300','2','PROY13','WEB','SERVIDOR','SERVIDOR','DEV13','WINDOWS04','WINDOWS04',null,'08/08/17','09/06/19',null,null,null,null,null,null,null,null,null,null,null,null,'USER0013','15/01/20','17:50','USERMOD13','21:01','21:01','2454568818');
Insert into ITM_TICKET (INSTALLATION,TICKETID,PRIORITY,SEVERITY,SUMMARY,CATEGORY,STATUS,REPORTED,REPORTEDDATE,REPORTEDTIME,CLIENTID,OFFICEID,AREAID,PROJECTID,TECHNOLOGY,PRODUCT,DEVICETYPE,DEVICEID,PLATFORMID,OS,OSVERSION,ASSIGNEDTO,TOSOLVEDATE,TOSOLVETIME,STEPSTOREPRODUCEISSUE,ADDITIONALCOMMENT,SCALATATION,REPRODUCIBILITY,HELPTOPIC,TAGS,VIEWSTATUS,RESOLUTION,RESOLUTIONDATE,RESOLUTIONTIME,SOURCE,USERID_I,DATE_I,TIME_I,USERID_U,DATE_U,TIME_U,MAC) values ('INSTALL14','0014','ALTA','GRAVE','SERVICIO URGENTE',null,'1','YES','15/01/20','41','0014','300','2','PROY14','WEB','SERVIDOR','SERVIDOR','DEV14','WINDOWS05','WINDOWS05',null,'13/08/17','17/10/18',null,null,null,null,null,null,null,null,null,null,null,null,'USER0014','25/01/20','18:05','USERMOD14','21:01','21:01','2454569324');
Insert into ITM_TICKET (INSTALLATION,TICKETID,PRIORITY,SEVERITY,SUMMARY,CATEGORY,STATUS,REPORTED,REPORTEDDATE,REPORTEDTIME,CLIENTID,OFFICEID,AREAID,PROJECTID,TECHNOLOGY,PRODUCT,DEVICETYPE,DEVICEID,PLATFORMID,OS,OSVERSION,ASSIGNEDTO,TOSOLVEDATE,TOSOLVETIME,STEPSTOREPRODUCEISSUE,ADDITIONALCOMMENT,SCALATATION,REPRODUCIBILITY,HELPTOPIC,TAGS,VIEWSTATUS,RESOLUTION,RESOLUTIONDATE,RESOLUTIONTIME,SOURCE,USERID_I,DATE_I,TIME_I,USERID_U,DATE_U,TIME_U,MAC) values ('INSTALL15','0015','ALTA','GRAVE','SERVICIO URGENTE',null,'0','YES','29/03/19','51','0015','300','2','PROY15','WEB','SERVIDOR','SERVIDOR','DEV15','WINDOWS06','WINDOWS06',null,'15/06/17','25/11/18',null,null,null,null,null,null,null,null,null,null,null,null,'USER0015','28/01/20','20:14','USERMOD15','21:01','21:01','2454569764');
Insert into ITM_TICKET (INSTALLATION,TICKETID,PRIORITY,SEVERITY,SUMMARY,CATEGORY,STATUS,REPORTED,REPORTEDDATE,REPORTEDTIME,CLIENTID,OFFICEID,AREAID,PROJECTID,TECHNOLOGY,PRODUCT,DEVICETYPE,DEVICEID,PLATFORMID,OS,OSVERSION,ASSIGNEDTO,TOSOLVEDATE,TOSOLVETIME,STEPSTOREPRODUCEISSUE,ADDITIONALCOMMENT,SCALATATION,REPRODUCIBILITY,HELPTOPIC,TAGS,VIEWSTATUS,RESOLUTION,RESOLUTIONDATE,RESOLUTIONTIME,SOURCE,USERID_I,DATE_I,TIME_I,USERID_U,DATE_U,TIME_U,MAC) values ('INSTALL16','0016','BAJA','NO GRAVE','SERVICIO NO URGENTE',null,'0','YES','26/01/20','36','0016','300','2','PROY16','WEB','SERVIDOR','SERVIDOR','DEV16','WINDOWS07','WINDOWS07',null,'03/01/18','01/05/19',null,null,null,null,null,null,null,null,null,null,null,null,'USER0016','30/01/20','15:12','USERMOD16','21:01','21:01','2454569903');
Insert into ITM_TICKET (INSTALLATION,TICKETID,PRIORITY,SEVERITY,SUMMARY,CATEGORY,STATUS,REPORTED,REPORTEDDATE,REPORTEDTIME,CLIENTID,OFFICEID,AREAID,PROJECTID,TECHNOLOGY,PRODUCT,DEVICETYPE,DEVICEID,PLATFORMID,OS,OSVERSION,ASSIGNEDTO,TOSOLVEDATE,TOSOLVETIME,STEPSTOREPRODUCEISSUE,ADDITIONALCOMMENT,SCALATATION,REPRODUCIBILITY,HELPTOPIC,TAGS,VIEWSTATUS,RESOLUTION,RESOLUTIONDATE,RESOLUTIONTIME,SOURCE,USERID_I,DATE_I,TIME_I,USERID_U,DATE_U,TIME_U,MAC) values ('INSTALL17','0017','BAJA','NO GRAVE','SERVICIO NO URGENTE',null,'0','YES','20/09/20','51','0017','300','2','PROY17','WEB','SERVIDOR','SERVIDOR','DEV17','REDHAT10','REDHAT10',null,'16/03/17','13/01/19',null,null,null,null,null,null,null,null,null,null,null,null,'USER0017','22/01/20','13:12','USERMOD17','21:01','21:01','2454568697');
Insert into ITM_TICKET (INSTALLATION,TICKETID,PRIORITY,SEVERITY,SUMMARY,CATEGORY,STATUS,REPORTED,REPORTEDDATE,REPORTEDTIME,CLIENTID,OFFICEID,AREAID,PROJECTID,TECHNOLOGY,PRODUCT,DEVICETYPE,DEVICEID,PLATFORMID,OS,OSVERSION,ASSIGNEDTO,TOSOLVEDATE,TOSOLVETIME,STEPSTOREPRODUCEISSUE,ADDITIONALCOMMENT,SCALATATION,REPRODUCIBILITY,HELPTOPIC,TAGS,VIEWSTATUS,RESOLUTION,RESOLUTIONDATE,RESOLUTIONTIME,SOURCE,USERID_I,DATE_I,TIME_I,USERID_U,DATE_U,TIME_U,MAC) values ('INSTALL18','0018','ALTA','GRAVE','SERVICIO URGENTE',null,'1','YES','08/05/20','39','0018','300','2','PROY18','WEB','SERVIDOR','SERVIDOR','DEV18','REDHAT11','REDHAT11',null,'25/10/17','08/11/19',null,null,null,null,null,null,null,null,null,null,null,null,'USER0018','22/01/20','14:10','USERMOD18','21:01','21:01','2454568883');
Insert into ITM_TICKET (INSTALLATION,TICKETID,PRIORITY,SEVERITY,SUMMARY,CATEGORY,STATUS,REPORTED,REPORTEDDATE,REPORTEDTIME,CLIENTID,OFFICEID,AREAID,PROJECTID,TECHNOLOGY,PRODUCT,DEVICETYPE,DEVICEID,PLATFORMID,OS,OSVERSION,ASSIGNEDTO,TOSOLVEDATE,TOSOLVETIME,STEPSTOREPRODUCEISSUE,ADDITIONALCOMMENT,SCALATATION,REPRODUCIBILITY,HELPTOPIC,TAGS,VIEWSTATUS,RESOLUTION,RESOLUTIONDATE,RESOLUTIONTIME,SOURCE,USERID_I,DATE_I,TIME_I,USERID_U,DATE_U,TIME_U,MAC) values ('INSTALL19','0019','ALTA','GRAVE','SERVICIO URGENTE',null,'1','YES','17/09/19','58','0019','300','2','PROY19','WEB','SERVIDOR','SERVIDOR','DEV19','REDHAT12','REDHAT12',null,'24/01/17','31/10/18',null,null,null,null,null,null,null,null,null,null,null,null,'USER0019','02/01/20','17:11','USERMOD19','21:01','21:01','2454569820');
Insert into ITM_TICKET (INSTALLATION,TICKETID,PRIORITY,SEVERITY,SUMMARY,CATEGORY,STATUS,REPORTED,REPORTEDDATE,REPORTEDTIME,CLIENTID,OFFICEID,AREAID,PROJECTID,TECHNOLOGY,PRODUCT,DEVICETYPE,DEVICEID,PLATFORMID,OS,OSVERSION,ASSIGNEDTO,TOSOLVEDATE,TOSOLVETIME,STEPSTOREPRODUCEISSUE,ADDITIONALCOMMENT,SCALATATION,REPRODUCIBILITY,HELPTOPIC,TAGS,VIEWSTATUS,RESOLUTION,RESOLUTIONDATE,RESOLUTIONTIME,SOURCE,USERID_I,DATE_I,TIME_I,USERID_U,DATE_U,TIME_U,MAC) values ('INSTALL20','0020','BAJA','NO GRAVE','SERVICIO NO URGENTE',null,'1','YES','13/04/19','33','0020','300','2','PROY20','WEB','SERVIDOR','SERVIDOR','DEV20','REDHAT13','WINDOWS08',null,'17/10/17','20/06/18',null,null,null,null,null,null,null,null,null,null,null,null,'USER0020','19/01/20','18:45','USERMOD20','21:01','21:01','2454569431');


REM INSERTING into ITM_TICKETATTACH
SET DEFINE OFF;
Insert into ITM_TICKETATTACH (INSTALLATION,TICKETID,ATTACHID,TYPE,DESCRIPTION,EXTERNALID,USERID_I,DATE_I,TIME_I,USERID_U,DATE_U,TIME_U,MAC) values ('INSTALL01','0001','ATT01','RECLAMO','INSTALACION','EXT01','USER0001','02/01/20','16:01','USERMOD1','07/02/20','21:01','2454569320');
Insert into ITM_TICKETATTACH (INSTALLATION,TICKETID,ATTACHID,TYPE,DESCRIPTION,EXTERNALID,USERID_I,DATE_I,TIME_I,USERID_U,DATE_U,TIME_U,MAC) values ('INSTALL02','0002','ATT02','INSTALACION','INSTALACION','EXT02','USER0002','02/01/20','16:01','USERMOD2','01/02/20','20:01','2454569498');
Insert into ITM_TICKETATTACH (INSTALLATION,TICKETID,ATTACHID,TYPE,DESCRIPTION,EXTERNALID,USERID_I,DATE_I,TIME_I,USERID_U,DATE_U,TIME_U,MAC) values ('INSTALL03','0003','ATT03','INSTALACION','INSTALACION','EXT03','USER0003','02/01/20','16:01','USERNOD3','09/02/20','20:01','2454568493');
Insert into ITM_TICKETATTACH (INSTALLATION,TICKETID,ATTACHID,TYPE,DESCRIPTION,EXTERNALID,USERID_I,DATE_I,TIME_I,USERID_U,DATE_U,TIME_U,MAC) values ('INSTALL04','0004','ATT04','INSTALACION','INSTALACION','EXT04','USER0004','02/01/20','16:01','USERMOD4','08/02/20','19:01','2454569723');
Insert into ITM_TICKETATTACH (INSTALLATION,TICKETID,ATTACHID,TYPE,DESCRIPTION,EXTERNALID,USERID_I,DATE_I,TIME_I,USERID_U,DATE_U,TIME_U,MAC) values ('INSTALL05','0005','ATT05','INSTALACION','INSTALACION','EXT05','USER0005','02/01/20','16:01','USERMOD5','10/02/20','21:01','2454568881');
Insert into ITM_TICKETATTACH (INSTALLATION,TICKETID,ATTACHID,TYPE,DESCRIPTION,EXTERNALID,USERID_I,DATE_I,TIME_I,USERID_U,DATE_U,TIME_U,MAC) values ('INSTALL06','0006','ATT06','INSTALACION','INSTALACION','EXT06','USER0006','02/01/20','16:01','USERMOD6','13/02/20','21:01','2454568575');
Insert into ITM_TICKETATTACH (INSTALLATION,TICKETID,ATTACHID,TYPE,DESCRIPTION,EXTERNALID,USERID_I,DATE_I,TIME_I,USERID_U,DATE_U,TIME_U,MAC) values ('INSTALL07','0007','ATT07','INSTALACION','INSTALACION','EXT07','USER0007','02/01/20','13:01','USERMOD7','05/02/20','21:01','2454569795');
Insert into ITM_TICKETATTACH (INSTALLATION,TICKETID,ATTACHID,TYPE,DESCRIPTION,EXTERNALID,USERID_I,DATE_I,TIME_I,USERID_U,DATE_U,TIME_U,MAC) values ('INSTALL08','0008','ATT08','INSTALACION','INSTALACION','EXT08','USER0008','02/01/20','16:01','USERMOD8','07/02/20','21:01','2454569052');
Insert into ITM_TICKETATTACH (INSTALLATION,TICKETID,ATTACHID,TYPE,DESCRIPTION,EXTERNALID,USERID_I,DATE_I,TIME_I,USERID_U,DATE_U,TIME_U,MAC) values ('INSTALL09','0009','ATT09','INSTALACION','INSTALACION','EXT09','USER0009','02/01/20','13:01','USERMOD9','09/02/20','21:01','2454569984');
Insert into ITM_TICKETATTACH (INSTALLATION,TICKETID,ATTACHID,TYPE,DESCRIPTION,EXTERNALID,USERID_I,DATE_I,TIME_I,USERID_U,DATE_U,TIME_U,MAC) values ('INSTALL10','0010','ATT10','INSTALACION','INSTALACION','EXT10','USER0010','02/01/20','13:01','USERMOD10','21/02/20','21:01','2454569032');
Insert into ITM_TICKETATTACH (INSTALLATION,TICKETID,ATTACHID,TYPE,DESCRIPTION,EXTERNALID,USERID_I,DATE_I,TIME_I,USERID_U,DATE_U,TIME_U,MAC) values ('INSTALL11','0011','ATT11','INSTALACION','CONFIGURACION','EXT11','USER0011','02/01/20','12:01','USERMOD11','03/02/20','21:01','2454569626');
Insert into ITM_TICKETATTACH (INSTALLATION,TICKETID,ATTACHID,TYPE,DESCRIPTION,EXTERNALID,USERID_I,DATE_I,TIME_I,USERID_U,DATE_U,TIME_U,MAC) values ('INSTALL12','0012','ATT12','INSTALACION','CONFIGURACION','EXT12','USER0012','05/01/20','9:01','USERMOD12','03/02/20','21:01','2454569549');
Insert into ITM_TICKETATTACH (INSTALLATION,TICKETID,ATTACHID,TYPE,DESCRIPTION,EXTERNALID,USERID_I,DATE_I,TIME_I,USERID_U,DATE_U,TIME_U,MAC) values ('INSTALL13','0013','ATT13','INSTALACION','CONFIGURACION','EXT13','USER0013','15/01/20','17:50','USERMOD13','03/02/20','21:01','2454568818');
Insert into ITM_TICKETATTACH (INSTALLATION,TICKETID,ATTACHID,TYPE,DESCRIPTION,EXTERNALID,USERID_I,DATE_I,TIME_I,USERID_U,DATE_U,TIME_U,MAC) values ('INSTALL14','0014','ATT14','RECLAMO','CONFIGURACION','EXT14','USER0014','25/01/20','18:05','USERMOD14','07/02/20','21:01','2454569324');
Insert into ITM_TICKETATTACH (INSTALLATION,TICKETID,ATTACHID,TYPE,DESCRIPTION,EXTERNALID,USERID_I,DATE_I,TIME_I,USERID_U,DATE_U,TIME_U,MAC) values ('INSTALL15','0015','ATT15','RECLAMO','CONFIGURACION','EXT15','USER0015','28/01/20','20:14','USERMOD15','05/02/20','21:01','2454569764');
Insert into ITM_TICKETATTACH (INSTALLATION,TICKETID,ATTACHID,TYPE,DESCRIPTION,EXTERNALID,USERID_I,DATE_I,TIME_I,USERID_U,DATE_U,TIME_U,MAC) values ('INSTALL16','0016','ATT16','RECLAMO','CONFIGURACION','EXT16','USER0016','30/01/20','15:12','USERMOD16','05/02/20','21:01','2454569903');
Insert into ITM_TICKETATTACH (INSTALLATION,TICKETID,ATTACHID,TYPE,DESCRIPTION,EXTERNALID,USERID_I,DATE_I,TIME_I,USERID_U,DATE_U,TIME_U,MAC) values ('INSTALL17','0017','ATT17','RECLAMO','CONFIGURACION','EXT17','USER0017','22/01/20','13:12','USERMOD17','04/02/20','21:01','2454568697');
Insert into ITM_TICKETATTACH (INSTALLATION,TICKETID,ATTACHID,TYPE,DESCRIPTION,EXTERNALID,USERID_I,DATE_I,TIME_I,USERID_U,DATE_U,TIME_U,MAC) values ('INSTALL18','0018','ATT18','RECLAMO','CONFIGURACION','EXT18','USER0018','22/01/20','14:10','USERMOD18','04/02/20','21:01','2454568883');
Insert into ITM_TICKETATTACH (INSTALLATION,TICKETID,ATTACHID,TYPE,DESCRIPTION,EXTERNALID,USERID_I,DATE_I,TIME_I,USERID_U,DATE_U,TIME_U,MAC) values ('INSTALL19','0019','ATT19','RECLAMO','CONFIGURACION','EXT19','USER0019','02/01/20','17:11','USERMOD19','04/02/20','21:01','2454569820');
Insert into ITM_TICKETATTACH (INSTALLATION,TICKETID,ATTACHID,TYPE,DESCRIPTION,EXTERNALID,USERID_I,DATE_I,TIME_I,USERID_U,DATE_U,TIME_U,MAC) values ('INSTALL20','0020','ATT20','RECLAMO','CONFIGURACION','EXT20','USER0020','19/01/20','18:45','USERMOD20','05/02/20','21:01','2454569431');


REM INSERTING into ITM_TICKETHISTORY
SET DEFINE OFF;
Insert into ITM_TICKETHISTORY (INSTALLATION,TICKETID,HISTORYID,FIELD,OLDVALUE,NEWVALUE,CONTEXT,USERID_I,DATE_I,TIME_I,USERID_U,DATE_U,TIME_U,MAC) values ('INSTALL01','0001','1','RECLAMO','INICIADA','TERMINADO','OFICINA','USER0001','02/01/20','16:01','USERMOD1','21:01','21:01','2454569320');
Insert into ITM_TICKETHISTORY (INSTALLATION,TICKETID,HISTORYID,FIELD,OLDVALUE,NEWVALUE,CONTEXT,USERID_I,DATE_I,TIME_I,USERID_U,DATE_U,TIME_U,MAC) values ('INSTALL02','0002','2','INSTALACION','INICIADA','INCOMPLETO','OFICINA','USER0002','02/01/20','16:01','USERMOD2','20:01','20:01','2454569498');
Insert into ITM_TICKETHISTORY (INSTALLATION,TICKETID,HISTORYID,FIELD,OLDVALUE,NEWVALUE,CONTEXT,USERID_I,DATE_I,TIME_I,USERID_U,DATE_U,TIME_U,MAC) values ('INSTALL03','0003','3','INSTALACION','INICIADA','TERMINADO','OFICINA','USER0003','02/01/20','16:01','USERNOD3','20:01','20:01','2454568493');
Insert into ITM_TICKETHISTORY (INSTALLATION,TICKETID,HISTORYID,FIELD,OLDVALUE,NEWVALUE,CONTEXT,USERID_I,DATE_I,TIME_I,USERID_U,DATE_U,TIME_U,MAC) values ('INSTALL04','0004','4','INSTALACION','INICIADA','INCOMPLETO','OFICINA','USER0004','02/01/20','16:01','USERMOD4','19:01','19:01','2454569723');
Insert into ITM_TICKETHISTORY (INSTALLATION,TICKETID,HISTORYID,FIELD,OLDVALUE,NEWVALUE,CONTEXT,USERID_I,DATE_I,TIME_I,USERID_U,DATE_U,TIME_U,MAC) values ('INSTALL05','0005','5','INSTALACION','INICIADA','TERMINADO','OFICINA','USER0005','02/01/20','16:01','USERMOD5','21:01','21:01','2454568881');
Insert into ITM_TICKETHISTORY (INSTALLATION,TICKETID,HISTORYID,FIELD,OLDVALUE,NEWVALUE,CONTEXT,USERID_I,DATE_I,TIME_I,USERID_U,DATE_U,TIME_U,MAC) values ('INSTALL06','0006','6','INSTALACION','INICIADA','INCOMPLETO','OFICINA','USER0006','02/01/20','16:01','USERMOD6','21:01','21:01','2454568575');
Insert into ITM_TICKETHISTORY (INSTALLATION,TICKETID,HISTORYID,FIELD,OLDVALUE,NEWVALUE,CONTEXT,USERID_I,DATE_I,TIME_I,USERID_U,DATE_U,TIME_U,MAC) values ('INSTALL07','0007','7','INSTALACION','INICIADA','TERMINADO','OFICINA','USER0007','02/01/20','13:01','USERMOD7','21:01','21:01','2454569795');
Insert into ITM_TICKETHISTORY (INSTALLATION,TICKETID,HISTORYID,FIELD,OLDVALUE,NEWVALUE,CONTEXT,USERID_I,DATE_I,TIME_I,USERID_U,DATE_U,TIME_U,MAC) values ('INSTALL08','0008','8','INSTALACION','INICIADA','TERMINADO','OFICINA','USER0008','02/01/20','16:01','USERMOD8','21:01','21:01','2454569052');
Insert into ITM_TICKETHISTORY (INSTALLATION,TICKETID,HISTORYID,FIELD,OLDVALUE,NEWVALUE,CONTEXT,USERID_I,DATE_I,TIME_I,USERID_U,DATE_U,TIME_U,MAC) values ('INSTALL09','0009','9','INSTALACION','INICIADA','TERMINADO','OFICINA','USER0009','02/01/20','13:01','USERMOD9','21:01','21:01','2454569984');
Insert into ITM_TICKETHISTORY (INSTALLATION,TICKETID,HISTORYID,FIELD,OLDVALUE,NEWVALUE,CONTEXT,USERID_I,DATE_I,TIME_I,USERID_U,DATE_U,TIME_U,MAC) values ('INSTALL10','0010','10','INSTALACION','INICIADA','TERMINADO','OFICINA','USER0010','02/01/20','13:01','USERMOD10','21:01','21:01','2454569032');
Insert into ITM_TICKETHISTORY (INSTALLATION,TICKETID,HISTORYID,FIELD,OLDVALUE,NEWVALUE,CONTEXT,USERID_I,DATE_I,TIME_I,USERID_U,DATE_U,TIME_U,MAC) values ('INSTALL11','0011','11','INSTALACION','INICIADA','INCOMPLETO','OFICINA','USER0011','02/01/20','12:01','USERMOD11','21:01','21:01','2454569626');
Insert into ITM_TICKETHISTORY (INSTALLATION,TICKETID,HISTORYID,FIELD,OLDVALUE,NEWVALUE,CONTEXT,USERID_I,DATE_I,TIME_I,USERID_U,DATE_U,TIME_U,MAC) values ('INSTALL12','0012','12','INSTALACION','INICIADA','TERMINADO','OFICINA','USER0012','05/01/20','9:01','USERMOD12','21:01','21:01','2454569549');
Insert into ITM_TICKETHISTORY (INSTALLATION,TICKETID,HISTORYID,FIELD,OLDVALUE,NEWVALUE,CONTEXT,USERID_I,DATE_I,TIME_I,USERID_U,DATE_U,TIME_U,MAC) values ('INSTALL13','0013','13','INSTALACION','INICIADA','INCOMPLETO','OFICINA','USER0013','15/01/20','17:50','USERMOD13','21:01','21:01','2454568818');
Insert into ITM_TICKETHISTORY (INSTALLATION,TICKETID,HISTORYID,FIELD,OLDVALUE,NEWVALUE,CONTEXT,USERID_I,DATE_I,TIME_I,USERID_U,DATE_U,TIME_U,MAC) values ('INSTALL14','0014','14','RECLAMO','INICIADA','TERMINADO','OFICINA','USER0014','25/01/20','18:05','USERMOD14','21:01','21:01','2454569324');
Insert into ITM_TICKETHISTORY (INSTALLATION,TICKETID,HISTORYID,FIELD,OLDVALUE,NEWVALUE,CONTEXT,USERID_I,DATE_I,TIME_I,USERID_U,DATE_U,TIME_U,MAC) values ('INSTALL15','0015','15','RECLAMO','INICIADA','TERMINADO','OFICINA','USER0015','28/01/20','20:14','USERMOD15','21:01','21:01','2454569764');
Insert into ITM_TICKETHISTORY (INSTALLATION,TICKETID,HISTORYID,FIELD,OLDVALUE,NEWVALUE,CONTEXT,USERID_I,DATE_I,TIME_I,USERID_U,DATE_U,TIME_U,MAC) values ('INSTALL16','0016','16','RECLAMO','INICIADA','TERMINADO','OFICINA','USER0016','30/01/20','15:12','USERMOD16','21:01','21:01','2454569903');
Insert into ITM_TICKETHISTORY (INSTALLATION,TICKETID,HISTORYID,FIELD,OLDVALUE,NEWVALUE,CONTEXT,USERID_I,DATE_I,TIME_I,USERID_U,DATE_U,TIME_U,MAC) values ('INSTALL17','0017','17','RECLAMO','INICIADA','INCOMPLETO',null,'USER0017','22/01/20','13:12','USERMOD17','21:01','21:01','2454568697');
Insert into ITM_TICKETHISTORY (INSTALLATION,TICKETID,HISTORYID,FIELD,OLDVALUE,NEWVALUE,CONTEXT,USERID_I,DATE_I,TIME_I,USERID_U,DATE_U,TIME_U,MAC) values ('INSTALL18','0018','18','RECLAMO','INICIADA','TERMINADO',null,'USER0018','22/01/20','14:10','USERMOD18','21:01','21:01','2454568883');
Insert into ITM_TICKETHISTORY (INSTALLATION,TICKETID,HISTORYID,FIELD,OLDVALUE,NEWVALUE,CONTEXT,USERID_I,DATE_I,TIME_I,USERID_U,DATE_U,TIME_U,MAC) values ('INSTALL19','0019','19','RECLAMO','INICIADA','INCOMPLETO',null,'USER0019','02/01/20','17:11','USERMOD19','21:01','21:01','2454569820');
Insert into ITM_TICKETHISTORY (INSTALLATION,TICKETID,HISTORYID,FIELD,OLDVALUE,NEWVALUE,CONTEXT,USERID_I,DATE_I,TIME_I,USERID_U,DATE_U,TIME_U,MAC) values ('INSTALL20','0020','20','RECLAMO','INICIADA','TERMINADO',null,'USER0020','19/01/20','18:45','USERMOD20','21:01','21:01','2454569431');
